male_id,female_id
m14666,f1079
m15656,f3060
m15658,f3691
m14844,f4715
m18317,f16460
m14247,f2985
m15065,f6629
m11825,f13472
m15616,f6855
m15548,f8412
m14802,f9285
m14544,f4286
m16032,f454
m15166,f18370
m15415,f5127
m17589,f3735
m6273,f5380
m13832,f18387
m15294,f12869
m14175,f2212
m14834,f70
m17904,f1812
m15413,f2986
m15194,f17226
m15480,f18247
m5594,f11094
m15093,f17966
m14558,f12537
m11536,f6113
m14179,f452
m14769,f644
m15822,f9459
m18417,f12044
m14111,f4719
m14934,f10190
m18504,f16650
m15879,f16877
m14760,f13971
m13591,f17158
m16232,f1482
m15966,f16564
m12463,f179
m15688,f11432
m13638,f8962
m15855,f7776
m15117,f14002
m18352,f9310
m18428,f15705
m15069,f9989
m14686,f7993
m15734,f9267
m6977,f3462
m15554,f13142
m16793,f11511
m16008,f2444
m18335,f2772
m15325,f5588
m15976,f5569
m15608,f14462
m18161,f4718
m15898,f2125
m1433,f14220
m14810,f5914
m13284,f2391
m16719,f3853
m13325,f14582
m14106,f7191
m4842,f12530
m15193,f6891
m14860,f11637
m15576,f272
m16213,f15347
m17091,f1358
m3444,f11054
m13654,f13850
m14919,f10527
m15354,f9682
m14517,f1746
m13862,f11643
m15296,f16082
m15007,f13485
m13917,f14702
m4087,f12834
m14035,f11686
m4862,f2491
m15589,f13418
m13782,f13978
m14702,f16688
m15645,f15196
m15553,f15519
m11728,f8281
m17970,f12481
m14180,f16282
m10101,f14591
m1980,f18422
m11367,f6873
m12241,f15371
m17682,f822
m15781,f6106
m14750,f13700
m15701,f293
m13860,f7211
m15515,f13975
m8973,f17809
m16065,f15311
m16797,f11152
m9761,f4648
m15630,f17431
m9734,f12173
m18390,f10011
m17278,f11002
m15881,f3852
m16108,f3565
m14495,f16217
m17722,f15704
m9045,f18054
m14556,f11899
m15801,f18381
m17033,f5133
m15832,f10721
m14725,f6916
m15678,f4164
m76,f5933
m13963,f7989
m15410,f13994
m14604,f13609
m6337,f16033
m11158,f10377
m14710,f13461
m18233,f15145
m512,f15689
m15046,f1763
m16737,f458
m15783,f706
m4579,f12273
m3289,f12653
m16292,f14169
m17949,f14638
m15473,f13923
m18162,f8559
m15472,f3148
m15490,f17042
m15214,f9932
m15792,f6653
m15657,f7937
m15453,f9160
m16113,f16567
m15447,f15160
m8286,f2412
m3974,f509
m15435,f12985
m15651,f1710
m15655,f16401
m15705,f7992
m16738,f44
m12824,f449
m17937,f1171
m18448,f2266
m14829,f9759
m15359,f9986
m15624,f3207
m15216,f2233
m11105,f13025
m18511,f3216
m15098,f9056
m17958,f16757
m14361,f13672
m4543,f15035
m14483,f12340
m14701,f16612
m13119,f11474
m15508,f5311
m6161,f16700
m15081,f577
m13424,f5506
m3269,f9426
m13788,f516
m12366,f11961
m1030,f14376
m12810,f6334
m18234,f5396
m15649,f17901
m11876,f2569
m16677,f6936
m15663,f14496
m16674,f3850
m15370,f1678
m15333,f14886
m15709,f15117
m14895,f13920
m18280,f3729
m13898,f15518
m15350,f7935
m18483,f17503
m690,f17816
m16520,f17383
m3735,f7597
m18152,f229
m14990,f11159
m1518,f18434
m14667,f16561
m402,f1694
m14747,f6000
m15462,f1799
m13946,f3260
m5967,f2782
m16689,f8590
m1628,f6369
m565,f6923
m15993,f2041
m14625,f2651
m18481,f13476
m15284,f15022
m16660,f16148
m15438,f5079
m7572,f10549
m10570,f2504
m15733,f3963
m13868,f11333
m16653,f14663
m5176,f14024
m15322,f7742
m14726,f9790
m18196,f14123
m15446,f8519
m15751,f9029
m15533,f1468
m16041,f7515
m18309,f15234
m18378,f12186
m15682,f3964
m17170,f5515
m14682,f14884
m15579,f14612
m17210,f2378
m15000,f14615
m8118,f781
m12115,f16801
m1229,f718
m15256,f9845
m15342,f12148
m454,f2333
m1200,f4328
m13901,f3188
m13552,f1702
m14952,f12222
m9924,f14305
m14819,f17148
m15773,f13993
m14945,f13337
m16901,f13372
m15207,f10993
m11846,f8503
m4279,f12920
m11287,f16613
m14307,f9298
m8246,f9899
m15691,f16710
m14792,f14856
m15888,f9319
m15568,f6886
m15326,f15442
m15530,f1071
m15412,f8413
m4734,f15559
m13791,f4777
m16602,f7385
m16406,f5395
m18401,f4716
m15638,f7971
m14907,f10969
m13521,f9594
m15703,f11695
m16054,f9183
m12549,f13358
m15909,f2128
m16149,f15474
m17658,f7142
m18336,f16711
m16599,f5591
m14511,f10211
m8786,f14315
m14763,f5120
m15834,f16575
m15231,f7916
m9087,f13123
m14163,f2176
m11421,f8332
m15274,f11272
m8884,f2983
m156,f7421
m15761,f17915
m8497,f5847
m15755,f18058
m9207,f13981
m11822,f14144
m1041,f2748
m15906,f5522
m14648,f3902
m15523,f14570
m14905,f182
m15633,f15374
m15425,f4621
m14145,f858
m15064,f2615
m14037,f4688
m16055,f6012
m17367,f3229
m15011,f13217
m9874,f17904
m15404,f15244
m15641,f15475
m14876,f9272
m18493,f10275
m5678,f4201
m14142,f10335
m719,f11165
m6315,f3339
m13114,f4643
m14577,f18313
m15539,f16286
m17342,f2905
m13043,f2993
m11743,f3189
m14591,f9714
m15494,f7040
m14689,f2648
m15835,f17091
m15982,f17911
m17595,f9309
m4883,f9739
m738,f10728
m13948,f3563
m14532,f11750
m14861,f6403
m7360,f10753
m1373,f14820
m14764,f14291
m15299,f1463
m8214,f16058
m16654,f7272
m15555,f6881
m8233,f6767
m9418,f6416
m16923,f13164
m16706,f16077
m171,f15618
m15501,f2413
m16466,f7708
m16672,f2702
m15594,f2013
m15611,f4706
m15841,f359
m15894,f6911
m1492,f14836
m15086,f18315
m15744,f10340
m16027,f18287
m15161,f11884
m7359,f5958
m14798,f8424
m18340,f9271
m15820,f12269
m6596,f2576
m15364,f7323
m16804,f12086
m16663,f6398
m15013,f6361
m16936,f6643
m9546,f11117
m16668,f4710
m17330,f3571
m15578,f13728
m14809,f7624
m15961,f18312
m14716,f10857
m15382,f10686
m13679,f13017
m10016,f1819
m14678,f12942
m14948,f7304
m7750,f8243
m15681,f9005
m45,f7073
m15039,f5904
m6645,f13330
m1710,f2418
m14138,f2490
m16209,f2729
m14301,f5640
m13841,f2976
m14615,f6415
m676,f7028
m16235,f10144
m15245,f15023
m7130,f15223
m711,f16036
m17072,f9460
m1500,f2922
m7452,f7404
m13988,f6045
m16646,f778
m793,f222
m15459,f10762
m14741,f4332
m15998,f10278
m14842,f4711
m15878,f4713
m14646,f5078
m8883,f8463
m14259,f14689
m10358,f14475
m15606,f2126
m10035,f9126
m15711,f8446
m16347,f14478
m14779,f5978
m15907,f5738
m15827,f15675
m15395,f5770
m17233,f14848
m15380,f7193
m9002,f17723
m16808,f562
m5611,f3490
m15718,f11564
m12355,f6480
m15696,f17914
m3000,f6674
m13909,f18204
m10457,f7521
m6906,f3437
m17451,f10853
m5397,f11442
m12795,f16830
m6999,f3868
m3488,f3230
m4810,f13768
m202,f14687
m960,f15502
m18440,f11268
m17191,f16500
m1038,f13200
m3219,f8884
m17174,f3243
m1670,f14472
m14354,f14036
m14868,f17916
m14804,f9937
m5528,f12565
m15392,f12923
m15585,f17898
m15928,f13924
m15599,f14885
m15495,f14858
m17933,f1561
m11858,f10899
m14565,f2133
m14606,f5648
m13993,f15086
m281,f2567
m2854,f3539
m5041,f17668
m15925,f14603
m2415,f3275
m6583,f4165
m6751,f5509
m11875,f16610
m16765,f16985
m5626,f13889
m2400,f8068
m3174,f8775
m5668,f11232
m18367,f17913
m17144,f1572
m3927,f2848
m16657,f17675
m6232,f14294
m403,f14597
m7831,f14970
m3720,f15617
m2942,f17008
m13566,f17146
m1035,f17524
m15489,f14437
m18072,f6973
m16118,f9328
m2535,f7949
m18400,f10198
m14529,f13676
m14503,f1816
m11022,f204
m3032,f18050
m14205,f5432
m9742,f10902
m11955,f923
m14916,f7956
m14053,f9318
m14928,f5263
m9667,f12980
m18330,f4721
m14122,f13162
m16024,f15709
m2608,f1879
m12806,f2995
m15442,f13505
m15692,f2217
m14953,f9153
m17540,f6753
m18208,f13852
m7938,f9469
m16739,f11706
m15577,f13582
m4669,f12771
m13769,f11744
m5449,f3714
m1751,f6069
m18275,f4650
m14824,f10087
m2894,f5448
m4798,f4395
m5107,f6381
m14500,f8717
m7725,f5759
m15502,f5336
m18175,f9180
m9023,f5327
m3016,f15199
m14703,f8834
m14341,f16208
m12781,f11913
m3559,f14151
m13109,f2652
m5740,f14467
m11974,f7433
m16104,f9643
m18358,f14969
m10625,f4216
m2262,f5934
m11675,f12356
m1477,f478
m15401,f2040
m15899,f13394
m14786,f12722
m15262,f2426
m5817,f3730
m17203,f6929
m9942,f463
m14893,f6764
m13344,f13032
m772,f15306
m7674,f15548
m759,f17363
m4478,f17520
m1193,f13598
m15735,f14665
m2612,f2187
m2344,f2572
m2609,f2590
m18255,f8236
m14691,f10889
m11614,f3983
m15220,f16804
m637,f6388
m13297,f11029
m2655,f9764
m16037,f10994
m15124,f11320
m3534,f13105
m16348,f17088
m11898,f15216
m16029,f8048
m11919,f16693
m14982,f11023
m11472,f16227
m10546,f9941
m15433,f12744
m17544,f6641
m15497,f10956
m14465,f12441
m15334,f13911
m15650,f17384
m16480,f17793
m15795,f1486
m18345,f9115
m13204,f770
m15428,f5070
m15305,f9677
m9121,f7905
m18104,f10984
m846,f13070
m16652,f1589
m3546,f17382
m3649,f948
m15486,f10708
m18466,f15729
m15332,f1105
m14878,f13697
m16750,f6739
m13977,f12026
m14671,f1945
m6160,f1755
m13603,f14441
m1362,f9639
m4852,f9647
m4070,f10862
m15518,f13684
m1941,f13843
m12886,f7605
m18318,f17149
m18112,f16734
m4477,f17482
m18217,f14446
m15119,f11845
m15458,f6614
m5891,f1673
m14244,f8614
m18472,f10787
m16659,f14483
m14132,f2588
m17138,f16746
m15407,f9127
m9208,f15928
m10714,f11290
m18357,f10533
m9027,f11142
m13852,f15309
m15856,f16039
m16123,f11694
m1268,f18520
m12620,f16054
m17078,f17660
m15782,f11506
m15357,f13679
m15287,f10181
m7783,f15130
m4032,f18191
m5845,f2738
m17180,f13511
m7622,f3200
m12687,f5649
m14739,f6101
m15383,f1493
m13618,f7541
m16717,f45
m15015,f14983
m3012,f9110
m4834,f11187
m13242,f1798
m15151,f8057
m17204,f10143
m194,f16044
m459,f17038
m14446,f13540
m1036,f17980
m15366,f8550
m17182,f13429
m2097,f362
m18333,f11618
m15197,f3801
m18436,f9081
m11036,f4692
m12010,f1307
m5423,f14851
m15361,f16343
m4360,f218
m15693,f17907
m8183,f2586
m3260,f2749
m3637,f4782
m4682,f8418
m767,f9291
m14151,f1951
m851,f10525
m18478,f13538
m13691,f16857
m15212,f13434
m104,f194
m16105,f548
m9070,f12054
m14552,f3001
m251,f5731
m15675,f3866
m15724,f7567
m15556,f3217
m3059,f9367
m14778,f13385
m7655,f11044
m10183,f643
m14327,f5736
m18241,f12374
m2363,f5
m15702,f6095
m10798,f16387
m18222,f16427
m6270,f7780
m14369,f18321
m13082,f17475
m7037,f15025
m15531,f13420
m15808,f7234
m5898,f4014
m14526,f18407
m6239,f9874
m9223,f2185
m2191,f17297
m4665,f4265
m3679,f5701
m14593,f12357
m8842,f9779
m14624,f7248
m16732,f15370
m11140,f16273
m11805,f18384
m15026,f3701
m17468,f3501
m11215,f4943
m11124,f3204
m9991,f2059
m16121,f12698
m14557,f10474
m3402,f11684
m319,f8235
m10536,f10230
m3671,f15551
m16712,f9912
m15664,f6860
m11670,f6141
m13652,f6018
m9480,f6719
m11223,f14737
m14498,f447
m14951,f2119
m15647,f18281
m5826,f11163
m14849,f7564
m10331,f14825
m9317,f14333
m5396,f8967
m17736,f3201
m13294,f982
m8459,f8841
m10595,f9774
m10639,f602
m14663,f8098
m11071,f17229
m5761,f11669
m6228,f11017
m6412,f1098
m9910,f7923
m4464,f2750
m16157,f3564
m10153,f5042
m15646,f4325
m13778,f4752
m10933,f7885
m14636,f4652
m7608,f14180
m14858,f16982
m17215,f2511
m2364,f3932
m18089,f5868
m13954,f1435
m12227,f12384
m17512,f15547
m970,f18386
m8869,f11376
m10011,f18478
m3078,f6127
m1,f17998
m4789,f17026
m8832,f9474
m3211,f4664
m15003,f1399
m17971,f12108
m14459,f12251
m13562,f15072
m13705,f6385
m14491,f17093
m18418,f1218
m16700,f17658
m18227,f14619
m15227,f10481
m6313,f14025
m2007,f5960
m4844,f15279
m18151,f4252
m16194,f9641
m16727,f11133
m2050,f12206
m8971,f12040
m6628,f13990
m14647,f3618
m12840,f5007
m9926,f1198
m2711,f3081
m4795,f5000
m4910,f4282
m16780,f11800
m16725,f5908
m10657,f7718
m11307,f13525
m9132,f11536
m16080,f13866
m10309,f7358
m8512,f15114
m5629,f17628
m13950,f9001
m510,f10067
m165,f2563
m15347,f13764
m14338,f1599
m13674,f4411
m17715,f1948
m9329,f1754
m7084,f8512
m15595,f4672
m15024,f3677
m3347,f11088
m12654,f17341
m12414,f5935
m12528,f4190
m13300,f16735
m11352,f6215
m12995,f3924
m12128,f2314
m1698,f10911
m15283,f13404
m1964,f18413
m5951,f12164
m11980,f10991
m600,f1220
m15810,f2668
m3869,f5450
m18455,f5430
m14745,f14014
m5720,f14142
m17788,f2026
m16015,f15710
m6790,f3802
m1762,f4300
m5406,f8104
m7051,f15303
m70,f18158
m5052,f2313
m18383,f805
m9139,f3374
m15506,f14301
m176,f5471
m14929,f5659
m15666,f17894
m15828,f16932
m14871,f7656
m9610,f1010
m11183,f9701
m18136,f10492
m17101,f14779
m17190,f15128
m4946,f18280
m17784,f16772
m12017,f17016
m13940,f4084
m2544,f4081
m5842,f7170
m12330,f12528
m12163,f1448
m12922,f1507
m11310,f15819
m1811,f5918
m14069,f9411
m17819,f7341
m15684,f7529
m14469,f2044
m5017,f9664
m10768,f14428
m15614,f1476
m4075,f2595
m18268,f4574
m12080,f268
m1813,f915
m15504,f17022
m89,f14393
m13534,f17814
m13326,f1801
m11053,f4075
m12282,f808
m15615,f9984
m9773,f2752
m10254,f7819
m17280,f4221
m16112,f5191
m4790,f10002
m6253,f12084
m7156,f15102
m11188,f12052
m11320,f2700
m10190,f696
m18055,f8641
m17248,f13959
m13600,f5403
m13342,f593
m13702,f10508
m10014,f1508
m12417,f4080
m13355,f13514
m7913,f10386
m16569,f11798
m7120,f14227
m11041,f10383
m6475,f3516
m8350,f11715
m12869,f6433
m15991,f924
m11589,f12393
m6700,f1254
m14262,f5381
m11830,f5719
m5179,f3495
m11844,f2788
m18422,f4309
m18195,f9162
m4376,f854
m12081,f13349
m5535,f16530
m686,f73
m1562,f10954
m598,f18375
m9783,f493
m1088,f3319
m10601,f7455
m16448,f17991
m11828,f4684
m2818,f11940
m12589,f14355
m15618,f3318
m6954,f10860
m14673,f13486
m2636,f4206
m16164,f6049
m3911,f5014
m11994,f13953
m9172,f15375
m9426,f16546
m7408,f9104
m7948,f12803
m13033,f13996
m17899,f5879
m14853,f627
m12575,f17037
m17510,f4061
m18007,f17778
m13745,f1320
m12649,f18126
m7232,f14246
m12956,f14872
m16217,f10816
m4435,f7373
m8643,f4199
m13165,f622
m3648,f2231
m12033,f7102
m1203,f3718
m17742,f6808
m17184,f15506
m5734,f5607
m13312,f14754
m13570,f3972
m12305,f12364
m3468,f1340
m10886,f18201
m12750,f7163
m4351,f16712
m16634,f1620
m7593,f7477
m6,f7479
m16286,f4661
m14186,f13403
m14502,f9215
m9459,f12919
m10215,f6712
m16273,f7603
m14395,f7235
m17446,f3891
m13396,f6632
m568,f8618
m18497,f9161
m4365,f9184
m5144,f13695
m1327,f13717
m737,f16072
m6862,f17583
m2255,f6327
m595,f16550
m477,f642
m7184,f5038
m15328,f17965
m4740,f9464
m5506,f18127
m14694,f11569
m12373,f12721
m6448,f2255
m3914,f15790
m4179,f17428
m16880,f14258
m9846,f12543
m16390,f7672
m14346,f16950
m11965,f9884
m9864,f13930
m17670,f18492
m6846,f15286
m7145,f2530
m14964,f10139
m10644,f10020
m6279,f13516
m14139,f11391
m10849,f10056
m13703,f8507
m13192,f2539
m12361,f4613
m10858,f15283
m15205,f10879
m12688,f12218
m6537,f1646
m13353,f6296
m16894,f11007
m8008,f6142
m17969,f2856
m16642,f10479
m18294,f11561
m8991,f3252
m12931,f8239
m18206,f16573
m15498,f3247
m18266,f13750
m13346,f16479
m11539,f10883
m15027,f3640
m10259,f8865
m7192,f5442
m2555,f11292
m6621,f8651
m4687,f9391
m3916,f10491
m12286,f15719
m10990,f14071
m1862,f15296
m5520,f16043
m3200,f17020
m14390,f17990
m1971,f18446
m2299,f18442
m3171,f14400
m1115,f3522
m3509,f479
m1075,f5309
m2627,f12890
m13179,f16133
m961,f9000
m11761,f10650
m13628,f3270
m590,f13091
m15118,f14254
m9556,f16302
m8359,f15295
m18369,f17307
m3923,f16800
m16965,f789
m14894,f7837
m9835,f14255
m16046,f2874
m9822,f3928
m11979,f9590
m2654,f9209
m11409,f5504
m12755,f17255
m13777,f11281
m14729,f16496
m17714,f2791
m17653,f6391
m6050,f14244
m11277,f9154
m4271,f13557
m9601,f15583
m9408,f17406
m9136,f6457
m13136,f8179
m13106,f15408
m10045,f12727
m13259,f14268
m7202,f7867
m14657,f14515
m9169,f7081
m7270,f16253
m14569,f5608
m14015,f9087
m10611,f13144
m12889,f2039
m2927,f16061
m12893,f15378
m16958,f8864
m13979,f9489
m2113,f3460
m17504,f16702
m14471,f13392
m16011,f16300
m14706,f18320
m14656,f11303
m11157,f265
m7998,f192
m11887,f917
m8288,f7805
m3618,f8833
m7020,f9121
m1467,f13341
m3876,f13694
m2017,f13897
m12833,f13912
m5108,f17122
m2194,f15105
m16764,f16517
m384,f14868
m14249,f519
m3724,f11265
m2492,f14772
m1810,f15255
m9781,f16468
m10647,f16129
m6155,f17732
m10009,f12517
m16914,f8979
m15315,f11825
m12565,f5212
m1282,f3707
m1413,f5983
m17409,f8113
m8087,f78
m8326,f4194
m6421,f17030
m13369,f11090
m2667,f3792
m13401,f3934
m9284,f6578
m16910,f8988
m6993,f1526
m9849,f9375
m8106,f12855
m3158,f13517
m6073,f10829
m10043,f9708
m13189,f17792
m13526,f11399
m4493,f13686
m17747,f12878
m18299,f386
m14487,f1138
m14362,f15508
m13585,f9562
m13282,f8602
m13373,f13895
m11578,f1596
m12880,f7182
m10111,f12809
m3115,f4003
m13914,f11467
m7663,f410
m16962,f2822
m11707,f6594
m5355,f13265
m12328,f9236
m13183,f12323
m15138,f5043
m10291,f12304
m10283,f6291
m7697,f3534
m17779,f16237
m15228,f8269
m17864,f17719
m2120,f2605
m11756,f6031
m10852,f17458
m16339,f9250
m14439,f14396
m16886,f6998
m2619,f13155
m2760,f2562
m12188,f9589
m17842,f11883
m13712,f1820
m18257,f2135
m9110,f4249
m16042,f11507
m2226,f8351
m1546,f17996
m8412,f12412
m12900,f2132
m988,f195
m13077,f13544
m7322,f15878
m16929,f7446
m7276,f7572
m5540,f7928
m16531,f11366
m11528,f11552
m8936,f13977
m12633,f2578
m16878,f3003
m3035,f9233
m11227,f14380
m597,f3078
m5543,f4560
m528,f5949
m9538,f6330
m13831,f3299
m3836,f7619
m7383,f3379
m1116,f13296
m17324,f18056
m10252,f16696
m4602,f13865
m17327,f4651
m17511,f14765
m18260,f7592
m11026,f4256
m15188,f6720
m6926,f12470
m9969,f8554
m3199,f1983
m15291,f4497
m2951,f7589
m10972,f9300
m17688,f17781
m6514,f6851
m6612,f2585
m8946,f16071
m10786,f13261
m15215,f14278
m17886,f3774
m7042,f14632
m10745,f14482
m11734,f13984
m13873,f12322
m2626,f5771
m16848,f9843
m14675,f14083
m5070,f1803
m15127,f9339
m9234,f6297
m7704,f11562
m14204,f12029
m4717,f511
m17822,f2824
m12765,f1899
m11309,f18480
m16394,f1735
m7302,f7332
m9673,f15266
m14368,f7391
m13454,f255
m4724,f16193
m17494,f14082
m11138,f6985
m16598,f3681
m15367,f18118
m4029,f14119
m5006,f15762
m9927,f12864
m12041,f11156
m8328,f8527
m11813,f14915
m3847,f10928
m9454,f7859
m1237,f10588
m10220,f11827
m8316,f8802
m784,f10220
m1498,f3583
m15476,f2573
m13720,f3192
m15128,f10288
m7006,f11632
m18447,f11132
m6129,f5713
m17768,f15358
m6460,f11535
m10903,f361
m4140,f280
m2877,f1846
m7252,f3738
m9367,f5830
m12760,f16542
m8987,f2798
m12021,f18382
m2166,f11558
m7235,f2447
m5745,f10162
m1993,f15293
m2960,f2114
m3145,f9129
m9018,f9903
m1379,f3212
m288,f13150
m7105,f5718
m1445,f6331
m6822,f9640
m8149,f748
m3345,f1065
m17581,f1531
m15331,f13539
m18242,f8783
m11268,f13794
m14668,f7036
m1082,f9292
m16833,f10149
m5469,f11059
m15623,f6919
m9853,f11964
m2101,f13226
m7286,f3863
m15902,f2911
m12000,f11345
m11228,f13795
m5384,f14425
m12363,f4123
m4221,f7957
m8584,f441
m2561,f10044
m7368,f7743
m15432,f2457
m12955,f202
m6833,f8198
m18248,f16025
m13666,f4927
m13162,f3848
m4346,f13488
m11246,f10496
m7265,f6585
m12571,f4365
m8057,f9051
m365,f9712
m6269,f10952
m11112,f10778
m17529,f7964
m10565,f11619
m2302,f8462
m11555,f17886
m11259,f17184
m2865,f5766
m285,f14313
m8242,f8953
m3297,f1522
m4755,f2494
m11798,f1762
m12194,f6370
m14548,f13599
m18165,f4907
m11456,f17581
m15192,f13444
m15469,f6710
m18005,f4816
m8274,f6580
m13767,f10613
m6924,f5467
m2491,f4933
m13097,f3945
m9819,f18034
m2735,f18043
m3406,f6131
m13714,f15392
m10326,f1882
m7152,f5194
m6057,f603
m8218,f12804
m12672,f16250
m4144,f13187
m9736,f14157
m16380,f10006
m11872,f8941
m2829,f8887
m13458,f5682
m11850,f14487
m8514,f5684
m3945,f1030
m6750,f12279
m4986,f12602
m13138,f2451
m2366,f17939
m16187,f10239
m6450,f4079
m8062,f15893
m12812,f14656
m10361,f16755
m3754,f18064
m11782,f708
m9278,f3823
m12811,f16883
m8723,f15108
m16735,f11418
m14164,f455
m11326,f18037
m9580,f12071
m12487,f14210
m4212,f17758
m12949,f9492
m8610,f13744
m10747,f3549
m17090,f4385
m11883,f17331
m11873,f16218
m17918,f7031
m2768,f3464
m6960,f12557
m7,f16543
m3367,f7946
m12815,f8005
m8931,f1190
m2287,f9251
m12653,f10188
m2943,f12409
m11592,f4893
m16777,f17145
m6835,f5744
m16769,f14791
m421,f7241
m15112,f4659
m17873,f17803
m12966,f9040
m5219,f3967
m11247,f8936
m10888,f10538
m14712,f8095
m8953,f3954
m12360,f2113
m4068,f3186
m4250,f3746
m5306,f5730
m2091,f8406
m4559,f11498
m765,f3538
m9059,f4161
m1384,f14962
m5609,f16220
m902,f16448
m10790,f17033
m3741,f5409
m4601,f13276
m3305,f4284
m6071,f8416
m4323,f16041
m7209,f9289
m4652,f7131
m7280,f11110
m2131,f11173
m13465,f9621
m12842,f1075
m695,f3219
m12761,f5319
m3450,f1718
m11170,f11951
m8910,f12177
m2289,f12857
m14110,f15950
m12365,f13534
m13952,f17495
m12270,f2644
m17591,f1805
m12508,f13149
m13214,f3556
m12640,f13328
m8803,f10232
m6642,f16507
m6619,f12487
m2225,f11412
m12008,f7173
m6203,f4069
m14141,f1216
m11151,f3567
m12599,f4461
m10620,f4623
m11626,f18028
m11067,f6374
m7032,f6971
m13041,f7281
m6040,f6168
m16544,f834
m17236,f4457
m5913,f12267
m12778,f16278
m13590,f4016
m16367,f5627
m4640,f15906
m9834,f16356
m3066,f9032
m11820,f18479
m2932,f563
m12314,f17278
m4525,f12331
m6712,f18238
m5724,f12859
m18040,f10960
m4340,f13818
m10837,f6749
m1213,f7523
m12673,f16987
m7785,f9351
m17315,f16156
m830,f1108
m2736,f15446
m12628,f17708
m11090,f2194
m6303,f3182
m13814,f2449
m10819,f3614
m14721,f39
m11254,f13421
m9024,f8134
m11662,f18328
m7690,f17972
m10751,f7369
m10771,f11953
m13076,f5668
m4195,f15397
m8099,f10619
m4857,f1849
m17177,f10561
m11661,f17157
m16573,f16232
m1252,f7811
m11613,f2875
m7736,f13322
m4336,f2296
m560,f7213
m7233,f15743
m13789,f15932
m12952,f12170
m12502,f18483
m10679,f12217
m10023,f10317
m7818,f1110
m7607,f16395
m8860,f1633
m12321,f14164
m5736,f17751
m4992,f3529
m13904,f1457
m13724,f9560
m17652,f10678
m16547,f9818
m11692,f6087
m11061,f17882
m4286,f4760
m11760,f8012
m9441,f15493
m1892,f15310
m3905,f14337
m9660,f8896
m6631,f2706
m6370,f3018
m6233,f15903
m18123,f12580
m12473,f16958
m12793,f12419
m9856,f1925
m7536,f17170
m9603,f17329
m10992,f15889
m10797,f1002
m6918,f1365
m7717,f9853
m745,f7275
m8479,f14503
m8882,f7454
m8026,f7856
m4325,f3033
m609,f7950
m7854,f8647
m2268,f3461
m16216,f3209
m10708,f17489
m13037,f8469
m10935,f1477
m2881,f14003
m376,f16089
m1982,f3323
m15566,f16085
m12594,f1350
m12255,f17619
m2537,f18456
m13587,f16066
m5529,f11012
m11860,f6799
m16171,f10371
m12278,f12106
m4933,f14307
m11835,f16138
m10513,f3755
m12009,f5634
m1517,f61
m692,f3134
m1960,f2399
m2087,f15553
m712,f2670
m4350,f5970
m2765,f8402
m16282,f16090
m13478,f8837
m371,f10156
m1937,f10910
m1480,f11595
m12827,f7425
m1354,f14019
m3972,f12926
m6915,f15702
m4610,f12865
m16951,f8905
m7366,f3523
m7542,f3960
m3183,f282
m16199,f15664
m2212,f17497
m3393,f12708
m11405,f9729
m11595,f6871
m13191,f11648
m1185,f8050
m15903,f8360
m13945,f8414
m990,f11948
m13575,f12016
m16708,f17368
m11267,f14822
m17516,f15953
m12313,f17884
m6667,f13653
m3480,f15239
m8216,f8015
m10006,f613
m3840,f15593
m10394,f14207
m1244,f2167
m8647,f14349
m17783,f8900
m10957,f3795
m3910,f18213
m10840,f2170
m1279,f4148
m14912,f6875
m3360,f852
m17782,f6164
m8976,f8913
m18091,f11546
m10856,f431
m6556,f4511
m4298,f17929
m11516,f6849
m8171,f11103
m12916,f10221
m18251,f666
m5915,f17756
m17754,f8728
m6737,f2179
m9501,f15438
m5674,f14429
m12905,f2597
m10960,f2024
m3922,f5884
m12622,f12426
m1188,f1687
m3376,f13102
m11709,f6667
m11065,f11321
m16297,f1566
m12993,f13721
m16543,f3210
m5133,f5765
m17319,f12261
m14108,f5756
m7400,f1111
m7957,f16275
m10839,f6146
m10760,f8672
m18159,f895
m11244,f10321
m78,f13475
m399,f10821
m17931,f2486
m11281,f5975
m13470,f12479
m13295,f5898
m5824,f17430
m10223,f12229
m8972,f3445
m11050,f6221
m12147,f10997
m14872,f792
m7432,f5950
m10539,f16155
m10100,f15788
m14087,f9210
m4033,f3314
m16336,f15570
m11403,f7303
m1408,f12289
m7728,f18272
m13146,f12497
m14112,f13012
m12836,f7052
m12171,f5239
m14579,f7921
m4833,f4422
m4633,f12318
m9361,f7827
m13997,f7400
m11601,f9718
m13104,f11763
m8587,f9605
m5400,f12495
m4741,f12689
m13968,f4610
m11203,f17399
m7903,f11508
m5723,f7317
m5493,f15000
m661,f6664
m12167,f18006
m12491,f3121
m4568,f3555
m8557,f5340
m13527,f5375
m17454,f16921
m370,f10517
m7418,f6833
m3699,f14060
m11430,f13182
m4619,f9324
m4202,f14546
m1883,f13887
m5919,f2116
m17332,f3477
m3172,f3898
m17995,f17452
m9353,f10519
m9925,f6527
m4023,f9548
m3975,f17580
m5376,f13784
m508,f5410
m9396,f4923
m15757,f16110
m7646,f10409
m8926,f9710
m13372,f6185
m8133,f3002
m1352,f3890
m8506,f7157
m9053,f11782
m9354,f7519
m17619,f8939
m10671,f1833
m9589,f11307
m7426,f18040
m81,f967
m12867,f12502
m8659,f16862
m9579,f11870
m8978,f10646
m6975,f4726
m12011,f5400
m17632,f7172
m66,f7257
m2954,f16992
m5552,f9515
m3106,f5972
m11865,f7606
m11078,f17900
m6691,f4646
m886,f17515
m12279,f3238
m17925,f7600
m12748,f4689
m18500,f2984
m12934,f2307
m16056,f9387
m2632,f13124
m10737,f17737
m2527,f12924
m10381,f14631
m2641,f5518
m12057,f9203
m12998,f4407
m2766,f4682
m5878,f279
m633,f2744
m3080,f3942
m3365,f5702
m3271,f10476
m1321,f8639
m4103,f8656
m106,f8861
m13632,f11293
m8933,f12717
m17022,f2709
m2032,f13319
m7887,f6723
m7223,f3675
m224,f5420
m2831,f10949
m1076,f6704
m8447,f4785
m16570,f9670
m621,f15525
m4045,f17362
m9355,f576
m3986,f7808
m150,f2601
m10072,f17815
m4716,f17588
m16478,f7629
m2732,f2188
m4434,f16528
m2276,f1459
m13658,f6062
m16439,f7569
m3045,f8876
m11619,f11395
m3368,f11683
m13747,f2581
m6826,f13231
m15424,f14234
m12509,f14606
m6765,f2733
m9102,f8193
m6753,f18103
m451,f5852
m4594,f6944
m4868,f11454
m7616,f10140
m10613,f2237
m5443,f12854
m14432,f12372
m8052,f14440
m10282,f9735
m4914,f8995
m13711,f980
m3942,f9979
m13760,f5050
m5065,f16425
m10749,f8669
m6330,f10975
m10558,f14980
m5090,f1696
m1718,f1438
m5991,f10784
m374,f6432
m12986,f1260
m11721,f14092
m7187,f4156
m11673,f1551
m1258,f15159
m9384,f8383
m12247,f10869
m3865,f8638
m64,f13345
m3652,f7562
m17749,f4828
m4976,f12146
m8755,f10886
m5200,f9372
m7267,f2570
m17481,f5401
m11947,f5836
m16180,f1643
m11641,f4579
m5077,f4864
m5966,f7719
m887,f15430
m6876,f16626
m7449,f8820
m6800,f7712
m17666,f3446
m11636,f1241
m11032,f9302
m5631,f3941
m17400,f15793
m8465,f6314
m12656,f839
m17082,f236
m9194,f17350
m13512,f8004
m18380,f18120
m10924,f15990
m3223,f15987
m15727,f10480
m2753,f3854
m18106,f4489
m7172,f6943
m17369,f14703
m6803,f16247
m11407,f15402
m3842,f6
m6843,f10944
m13429,f8259
m14412,f219
m17727,f633
m9483,f14275
m11533,f14678
m17563,f14282
m1277,f12757
m10430,f13549
m10630,f10287
m4327,f2814
m13598,f4709
m15036,f14066
m17188,f8339
m109,f5991
m6298,f6333
m14005,f13310
m14490,f8107
m4725,f17173
m16494,f3349
m7436,f12320
m16535,f8267
m4736,f9481
m10484,f8644
m5976,f16428
m7720,f8151
m4515,f13189
m7597,f3163
m9235,f9073
m9029,f8350
m17968,f9382
m2309,f13925
m6857,f14494
m7751,f3080
m11616,f14048
m6696,f14997
m9503,f4419
m950,f1246
m17586,f10626
m11913,f9211
m7974,f15825
m483,f17081
m5834,f4880
m16596,f8396
m11649,f12073
m18189,f16235
m11768,f13158
m11864,f15501
m4423,f17205
m17898,f13179
m11678,f3287
m506,f3574
m14295,f14673
m4141,f4976
m617,f518
m11125,f1736
m5958,f7298
m9008,f5554
m7136,f4945
m1543,f1744
m2750,f11757
m3654,f7974
m12837,f18215
m4691,f8257
m647,f1886
m42,f14588
m6352,f13711
m13978,f14789
m7772,f12290
m10579,f13635
m2413,f7774
m9221,f3585
m6235,f4051
m2781,f2877
m917,f13819
m1136,f3547
m18010,f14645
m17291,f5469
m12797,f85
m1901,f9297
m17172,f14922
m14598,f14741
m6990,f6252
m3841,f10395
m8084,f11183
m16293,f4101
m9548,f6121
m16417,f12135
m17888,f9174
m1791,f7008
m6625,f4154
m1506,f819
m67,f10416
m5452,f2688
m5521,f18029
m4417,f14900
m9832,f1019
m8113,f15915
m393,f17004
m14143,f8526
m14236,f2716
m13875,f14226
m4354,f14685
m3721,f9257
m8559,f1230
m11458,f15092
m13753,f2606
m11030,f18226
m12284,f4762
m6009,f15720
m411,f14018
m14130,f15797
m273,f916
m1525,f16445
m2464,f3754
m12774,f11720
m8471,f10773
m16035,f9155
m14507,f2246
m17881,f6910
m6139,f9198
m17415,f3686
m831,f17992
m12044,f17995
m2138,f4274
m5699,f7465
m4855,f16569
m5342,f9325
m4771,f5974
m13531,f13402
m11224,f1424
m6883,f1670
m13555,f5116
m4903,f11369
m435,f7612
m73,f11509
m2688,f6326
m5366,f17508
m4636,f14020
m1990,f11283
m2878,f7820
m9370,f4227
m2021,f7538
m3025,f17725
m4849,f12710
m753,f16079
m3051,f16930
m10103,f12039
m867,f2414
m4780,f6649
m2592,f7558
m1149,f13480
m2117,f5700
m137,f2109
m3687,f9017
m2234,f18514
m835,f13900
m6309,f5146
m8814,f6239
m8427,f15787
m15456,f7793
m10114,f8780
m8921,f16752
m5126,f4039
m2455,f9889
m8599,f16007
m7795,f17280
m12471,f10254
m17398,f8466
m8203,f8966
m7315,f440
m5066,f17536
m15031,f6524
m7227,f4756
m3409,f13134
m13939,f15633
m12586,f5900
m4272,f7907
m3827,f11218
m14061,f12845
m500,f8704
m5375,f12731
m17308,f3498
m3952,f11914
m362,f15940
m5061,f16783
m11556,f5929
m12641,f6763
m4486,f14231
m10884,f18016
m9445,f7715
m9752,f11525
m10448,f10431
m13416,f6022
m4085,f16621
m6863,f15985
m6630,f16680
m16981,f15174
m7420,f8557
m17429,f11095
m2589,f16797
m17358,f15386
m5109,f10271
m13293,f8969
m12050,f8080
m4713,f5201
m10236,f15186
m8182,f7653
m9290,f12534
m848,f3191
m2509,f9653
m3591,f1157
m10455,f11053
m6606,f13654
m3978,f13438
m9238,f14990
m4313,f3488
m4011,f8556
m7801,f10849
m13412,f8850
m1796,f8585
m389,f5026
m17656,f2234
m13319,f14455
m2049,f9821
m2403,f12819
m14305,f2106
m13891,f1907
m14410,f3380
m13556,f5919
m12642,f9994
m4460,f7297
m4095,f4212
m2834,f11835
m12069,f1464
m9442,f5594
m9616,f9581
m11306,f13798
m4306,f4440
m8848,f3289
m10118,f12239
m5825,f8282
m3426,f11030
m7620,f5931
m13047,f12430
m5641,f8017
m2855,f5107
m5983,f9537
m10477,f1778
m7775,f7481
m6868,f13419
m7538,f9359
m16580,f6090
m10248,f13350
m380,f5328
m7047,f14744
m13087,f15335
m10724,f13016
m17283,f5418
m17285,f11911
m7633,f8319
m9190,f9163
m8387,f15243
m8690,f11728
m3043,f12465
m1800,f14924
m317,f11362
m9399,f609
m9052,f10436
m13787,f315
m3556,f8131
m17338,f12954
m2318,f4585
m2665,f10296
m185,f6230
m2121,f12720
m16249,f4941
m6970,f3093
m4588,f15597
m3817,f10400
m13383,f13221
m7237,f15406
m11729,f14758
m11101,f17425
m14588,f15154
m2948,f8679
m13091,f10737
m13520,f12738
m183,f18187
m16863,f17367
m1427,f11515
m14161,f16792
m13742,f1877
m3507,f9421
m13395,f17970
m17305,f7678
m272,f13006
m12670,f6606
m1631,f1192
m7496,f10513
m227,f15601
m5155,f12590
m5221,f5431
m17035,f15892
m6909,f7733
m12230,f4377
m1570,f13004
m9108,f5666
m2779,f14862
m10995,f1023
m2717,f14021
m17696,f7415
m2793,f3330
m5778,f5315
m7685,f2944
m7476,f7326
m17303,f15161
m7405,f7716
m17549,f2634
m8267,f6254
m6715,f14350
m12002,f4475
m6119,f17563
m7224,f12422
m1159,f13575
m3979,f7360
m248,f18450
m13550,f9413
m17447,f6253
m5343,f16488
m6101,f4810
m8184,f607
m17240,f11081
m14794,f15577
m2651,f5769
m12971,f5989
m17737,f15913
m2988,f12627
m10047,f14334
m5248,f3769
m6694,f18260
m12635,f17443
m10268,f395
m10801,f10870
m279,f2069
m1920,f17845
m894,f14202
m1376,f6184
m11211,f17672
m4381,f5761
m12116,f520
m13815,f9957
m6562,f4082
m10825,f12632
m14169,f6989
m6657,f15763
m17040,f13064
m9988,f1127
m1708,f3133
m9722,f17839
m11800,f5665
m17590,f3138
m9163,f6525
m5125,f13811
m10078,f8496
m12183,f2614
m9703,f6449
m105,f7204
m12084,f3535
m12970,f3819
m6845,f2345
m11722,f12712
m10298,f7133
m12686,f7929
m6061,f17169
m1042,f3548
m6132,f513
m3895,f586
m3811,f13619
m6617,f11324
m3155,f5851
m8709,f2839
m7811,f3410
m13059,f4133
m394,f16733
m8857,f7730
m364,f6591
m8143,f13741
m1215,f17404
m6880,f1524
m3335,f17541
m14042,f4034
m16636,f262
m13440,f10127
m12943,f820
m12137,f2623
m11931,f137
m5751,f3011
m4892,f15534
m11076,f1227
m2902,f17313
m14843,f11169
m5301,f10227
m13878,f17327
m11,f290
m1958,f15560
m8551,f3552
m13167,f10705
m1489,f7082
m381,f13126
m2057,f13979
m1566,f6908
m7061,f9894
m8417,f6356
m3046,f11277
m536,f15800
m1999,f8423
m187,f10926
m15969,f18314
m6832,f3731
m16968,f7549
m344,f10357
m11646,f201
m579,f3205
m1419,f7598
m18293,f18311
m4059,f10212
m9898,f10372
m231,f10503
m1039,f14464
m16364,f3952
m1447,f11981
m1714,f4640
m5653,f2042
m182,f225
m10909,f18208
m9377,f648
m460,f1304
m8583,f11446
m2484,f10985
m11998,f12159
m1406,f13701
m6518,f14129
m11111,f1221
m1681,f2979
m1365,f10955
m11699,f6214
m2167,f5354
m5628,f12380
m6211,f14646
m6067,f6931
m2841,f7079
m2972,f2020
m2243,f13908
m9827,f7203
m2566,f4575
m2103,f8087
m8320,f5475
m2308,f12205
m4263,f16549
m9224,f11575
m1302,f4326
m2690,f7548
m12285,f2633
m4950,f1767
m2468,f5725
m2737,f15427
m7665,f354
m3500,f13857
m1636,f2007
m191,f15798
m6937,f16186
m218,f475
m14254,f1465
m10652,f13579
m8305,f10313
m5303,f14399
m16163,f13769
m5523,f16397
m18408,f16459
m580,f18277
m12301,f18159
m13614,f15021
m2744,f17636
m16959,f11912
m13644,f460
m18158,f2200
m11064,f4750
m4980,f13869
m5448,f17300
m7236,f2959
m13859,f16768
m5011,f7024
m5956,f18088
m5474,f12346
m13996,f16475
m651,f1113
m2148,f6622
m8714,f15876
m5172,f8409
m5225,f3883
m6635,f12991
m5458,f4855
m3405,f18365
m16144,f12650
m17202,f17418
m4418,f5415
m3891,f7756
m3585,f16671
m3030,f5814
m10612,f14516
m16979,f17277
m12280,f16104
m17275,f5168
m3011,f1532
m7336,f15481
m4163,f1259
m715,f5507
m11731,f9376
m10711,f9493
m17402,f12586
m6578,f18237
m9593,f9852
m16420,f4589
m2158,f1086
m15394,f10919
m8212,f13593
m993,f12794
m5490,f16579
m4728,f1268
m8238,f18390
m17216,f18217
m9613,f16203
m4838,f13600
m17690,f16199
m582,f6378
m12458,f4151
m12717,f15464
m12627,f7898
m9003,f2915
m3398,f8162
m3359,f17348
m2872,f10164
m2991,f6224
m463,f15284
m3140,f12772
m3460,f12677
m10999,f2840
m896,f8873
m8784,f4620
m3428,f9746
m10822,f12129
m4176,f7265
m5104,f2917
m12323,f7383
m2708,f2424
m20,f9484
m5810,f5059
m9064,f6744
m3928,f14982
m16355,f2831
m16323,f7688
m9452,f6247
m693,f15834
m8348,f4431
m9562,f6817
m4708,f4755
m12329,f10116
m13408,f870
m9389,f17961
m1125,f11532
m4778,f18027
m2228,f15124
m2528,f12576
m653,f17365
m4152,f7197
m9462,f8879
m16522,f3453
m7161,f3897
m4714,f11302
m15281,f18332
m16541,f18352
m3088,f5926
m12601,f15232
m9067,f8286
m954,f16789
m17753,f9644
m5118,f18295
m7176,f5778
m8011,f18142
m8613,f393
m5998,f4494
m4106,f10301
m872,f1653
m1253,f11851
m16974,f18
m13709,f6727
m197,f10903
m9557,f1511
m11740,f16378
m2189,f7151
m11402,f6984
m10717,f9052
m11849,f1594
m1614,f14745
m12600,f12841
m17640,f16206
m12665,f12158
m8611,f2781
m1016,f318
m9181,f14490
m7912,f5172
m10487,f10047
m311,f15441
m9460,f15891
m862,f16873
m4553,f18474
m10143,f4820
m5962,f3153
m5488,f13616
m17814,f15435
m94,f4237
m11353,f3620
m1055,f10793
m10723,f9890
m11207,f17575
m12920,f13958
m5159,f12617
m7373,f3146
m6959,f18339
m16523,f903
m12161,f18222
m18068,f2837
m4226,f7106
m2638,f2719
m14192,f11198
m3093,f11819
m2240,f12863
m12529,f8490
m13287,f2895
m2123,f7129
m4693,f10421
m3064,f9107
m10518,f4866
m340,f15858
m10213,f13222
m13451,f14137
m8967,f8040
m1706,f13737
m11169,f8576
m10736,f6032
m10028,f18485
m812,f16828
m10615,f18436
m4516,f10906
m3452,f8877
m304,f13868
m16375,f8648
m4223,f10620
m10137,f14674
m2004,f610
m10322,f2707
m4885,f13638
m6579,f11
m664,f8141
m6952,f12294
m2001,f17975
m6636,f5963
m8715,f798
m4839,f15147
m10861,f10114
m11108,f6692
m6468,f14329
m5337,f12898
m15932,f991
m18192,f8245
m1414,f15881
m16964,f8088
m5500,f17825
m3243,f14684
m11325,f4548
m233,f17002
m8354,f12578
m7834,f14572
m4257,f2166
m469,f7072
m17282,f7899
m5206,f9607
m11890,f13791
m11880,f6075
m12317,f8600
m12047,f12664
m2164,f3356
m3653,f1426
m9572,f2631
m9897,f3864
m3524,f4838
m5420,f5101
m13089,f3994
m3704,f12329
m13158,f7212
m13073,f12743
m6102,f8091
m10227,f5603
m7662,f7636
m4468,f9520
m8309,f828
m7461,f717
m17877,f12693
m5409,f9864
m14520,f18262
m5421,f4009
m8202,f14733
m1720,f10110
m1856,f17678
m8134,f5775
m13303,f12906
m11459,f1963
m1794,f1993
m415,f15051
m10818,f5758
m7230,f3634
m17800,f1252
m8963,f314
m6173,f18292
m4187,f3037
m4083,f950
m5555,f1416
m17703,f15039
m1079,f11542
m4781,f4219
m11905,f709
m5312,f14116
m8219,f1740
m13930,f1906
m2145,f3875
m1719,f16774
m1382,f4769
m3412,f6671
m9608,f6735
m1869,f111
m10287,f4962
m9917,f14266
m9533,f9054
m5644,f11385
m10486,f7979
m5441,f3986
m379,f142
m2266,f8908
m4237,f5047
m1512,f6419
m1196,f5917
m2923,f14241
m3659,f10459
m5470,f5190
m607,f16777
m7525,f13748
m4630,f13509
m7865,f15496
m15922,f4233
m16267,f16183
m232,f13246
m3326,f10712
m8716,f1535
m944,f10802
m10124,f2804
m3186,f12445
m12991,f10581
m5021,f12165
m9334,f1564
m10000,f11253
m18187,f7858
m965,f8190
m7255,f3408
m2077,f14920
m7058,f14705
m16559,f8191
m1421,f13014
m14460,f14927
m17430,f16957
m7677,f17542
m1172,f17634
m222,f1177
m7495,f6800
m5558,f18039
m5870,f3489
m652,f6389
m10406,f17323
m1174,f2402
m26,f9987
m4626,f9633
m16392,f3107
m493,f6566
m614,f16011
m6734,f1015
m9953,f6793
m17490,f7796
m10333,f3888
m9360,f9649
m10744,f14649
m678,f7387
m16185,f8368
m3253,f11075
m74,f2842
m1181,f17546
m495,f11325
m12608,f17066
m4487,f996
m6656,f12582
m1377,f619
m14276,f14558
m4774,f4397
m6081,f16590
m9974,f1995
m18350,f8309
m11302,f2218
m9436,f3515
m200,f7171
m13695,f16153
m763,f7896
m5456,f8944
m4888,f16417
m10985,f17784
m10219,f8588
m2192,f10555
m6914,f10925
m5634,f16430
m15270,f10745
m3807,f2353
m16940,f17598
m6414,f13881
m4174,f11035
m4348,f13146
m9633,f13596
m2150,f8553
m3463,f9358
m17116,f3075
m17352,f10548
m11300,f15860
m13093,f1726
m17476,f3059
m12352,f6293
m17440,f1383
m13659,f6987
m5087,f6470
m605,f11725
m7990,f11541
m9977,f16310
m11126,f9658
m5921,f1850
m17724,f11009
m5480,f15055
m10179,f15975
m9681,f10029
m17253,f6609
m526,f5048
m4264,f16631
m636,f15586
m298,f4587
m9918,f15813
m6921,f97
m15096,f15118
m16549,f18225
m577,f3894
m12091,f16450
m4448,f14845
m2440,f16751
m9884,f6970
m11212,f9805
m6983,f8994
m2084,f18421
m7000,f9579
m9167,f15056
m9124,f16798
m6178,f2725
m5471,f11125
m4000,f16503
m14149,f15738
m8740,f5219
m6523,f2379
m4954,f13255
m12564,f4603
m9267,f5638
m17136,f7375
m4143,f212
m13616,f15771
m16473,f16823
m18213,f17772
m13606,f6844
m9845,f17857
m17622,f3842
m103,f5877
m6154,f5927
m14000,f9182
m13034,f3843
m4673,f2268
m12598,f2321
m1436,f16571
m8680,f18399
m10894,f216
m12445,f11945
m17661,f4614
m453,f14865
m1216,f15088
m162,f3629
m9867,f13757
m11149,f2331
m8019,f15301
m3884,f12812
m6044,f11235
m6419,f2332
m14159,f15119
m5959,f10098
m12034,f1602
m11510,f7362
m3882,f9969
m6849,f5176
m13795,f7120
m10145,f15421
m215,f3101
m10010,f9419
m1880,f5491
m10471,f7475
m7724,f17185
m7627,f13522
m10509,f498
m12621,f11177
m14976,f11327
m8529,f10720
m11635,f9725
m5719,f12816
m4357,f16414
m859,f3277
m16564,f14108
m6823,f17545
m1603,f10682
m1968,f12224
m3521,f11670
m8855,f313
m3837,f121
m2441,f18261
m966,f3579
m6624,f2004
m844,f7530
m534,f5441
m5504,f7886
m630,f17206
m6607,f3668
m10522,f11896
m4318,f257
m12294,f15259
m3103,f1836
m13024,f18510
m16301,f10297
m17894,f13719
m5850,f8678
m3022,f6697
m13230,f7287
m1034,f7149
m1389,f7074
m3582,f2062
m17577,f12763
m12349,f1376
m163,f14898
m7419,f3577
m16971,f5606
m2687,f2139
m1388,f10155
m863,f3372
m6112,f15539
m1313,f3384
m10,f15212
m5360,f5281
m640,f14867
m12125,f2454
m1668,f10642
m6084,f16682
m11863,f3095
m8100,f6236
m17548,f9064
m9328,f10320
m8381,f11832
m5927,f4373
m2955,f3254
m572,f6893
m16975,f7318
m16510,f2533
m9051,f12184
m9902,f14923
m10138,f4143
m13306,f1251
m18125,f9741
m1269,f12149
m5007,f18476
m4584,f4971
m8378,f6670
m1722,f2442
m3358,f15267
m1914,f3405
m1709,f12247
m1729,f17262
m14414,f10864
m709,f9539
m11391,f14827
m1281,f4167
m11903,f18264
m1299,f17017
m14450,f2089
m15586,f5389
m3434,f7543
m10459,f6163
m13572,f2140
m7099,f11904
m13982,f16451
m671,f337
m1412,f15841
m2012,f9507
m6538,f7630
m13365,f7751
m16996,f7223
m8859,f16884
m12626,f4947
m4438,f13298
m12919,f2534
m2428,f17111
m3949,f6774
m5279,f7098
m953,f6268
m16262,f12282
m871,f408
m8352,f10135
m2251,f12907
m6919,f12736
m1248,f10146
m1827,f938
m10306,f6559
m10873,f12050
m13277,f6231
m9056,f13270
m14888,f2851
m11715,f15751
m9086,f9617
m9664,f9518
m16883,f2865
m7551,f6188
m18075,f9185
m17926,f15208
m12543,f15416
m2780,f13639
m6172,f6417
m6495,f8133
m1005,f4758
m9254,f14299
m6045,f17956
m7438,f3607
m4308,f1525
m18063,f8238
m689,f15016
m11492,f15011
m209,f15600
m17196,f18138
m4,f9171
m8808,f14247
m2449,f13808
m1676,f2540
m8446,f16776
m5859,f890
m12059,f12979
m11044,f11545
m4723,f13194
m14317,f11100
m12151,f12433
m17530,f17077
m3872,f18004
m17023,f10134
m391,f4347
m10187,f17683
m1879,f2876
m1044,f1902
m11335,f7409
m3772,f14586
m16296,f16255
m17186,f7152
m135,f11191
m1434,f8093
m16540,f3818
m1495,f6544
m4817,f1881
m11245,f16935
m10942,f14523
m17110,f17685
m17221,f4505
m10091,f1006
m16987,f12633
m9828,f17332
m2461,f13498
m5257,f16572
m2633,f4030
m8881,f16596
m1745,f312
m9758,f10630
m18236,f13952
m142,f13548
m17637,f2541
m12054,f10090
m11943,f3412
m10330,f13074
m764,f11124
m18067,f12305
m1648,f10689
m1553,f6791
m18143,f3122
m236,f4311
m2503,f4929
m286,f1864
m5636,f1034
m10297,f11718
m17859,f14316
m3049,f10039
m2163,f2325
m326,f15191
m2198,f12244
m1599,f13422
m561,f17846
m1340,f1651
m7179,f9404
m201,f4285
m2549,f4502
m12679,f2741
m10739,f11780
m1387,f8737
m5986,f8509
m4784,f608
m132,f1253
m16381,f4433
m7824,f15944
m3296,f6180
m17648,f4135
m6342,f14042
m10830,f16905
m3491,f6143
m17707,f26
m4971,f16249
m5895,f14153
m2298,f16665
m12269,f625
m17705,f2694
m4352,f17288
m5757,f10836
m12892,f8650
m1297,f5226
m10661,f672
m782,f13894
m6792,f13950
m3089,f17624
m2936,f3594
m7382,f6787
m7140,f8251
m18113,f6439
m16459,f960
m8631,f4848
m3499,f1180
m8932,f12768
m3780,f1405
m1405,f91
m6080,f17981
m6120,f3170
m11584,f4402
m5987,f6475
m5165,f6952
m8016,f3409
m1746,f10583
m14219,f12167
m5251,f7107
m7882,f4344
m10683,f2328
m11596,f1644
m12146,f14798
m7109,f9125
m1786,f12704
m9564,f9964
m468,f15095
m5969,f538
m361,f9826
m2727,f3545
m10902,f9199
m14572,f10866
m2248,f373
m9585,f6920
m11765,f5198
m4618,f8952
m8403,f1967
m8508,f4523
m16554,f5054
m6063,f15220
m952,f214
m930,f6682
m1361,f6915
m432,f8455
m4183,f11116
m189,f16348
m6212,f10203
m1271,f6384
m504,f288
m6608,f10191
m806,f10511
m16456,f5740
m1755,f14876
m645,f18197
m1957,f15247
m490,f4184
m3382,f7537
m1001,f8616
m18305,f3728
m2574,f10165
m455,f1303
m7357,f655
m1816,f6650
m774,f8839
m10497,f8459
m124,f16810
m9494,f12862
m1952,f12571
m2946,f5068
m10452,f16404
m3875,f6096
m15375,f10197
m3323,f8719
m7494,f349
m1713,f9675
m1283,f1043
m14631,f14495
m2905,f8617
m1476,f15521
m301,f14442
m9802,f1922
m976,f3726
m17495,f9090
m14052,f6788
m13623,f11026
m16092,f10522
m18518,f1728
m9770,f8436
m3268,f3885
m3430,f583
m3325,f12555
m17961,f2368
m5876,f18307
m1540,f17049
m10642,f17018
m11348,f16988
m12639,f5516
m16555,f8471
m10543,f11057
m11862,f4301
m244,f6375
m2515,f7252
m6726,f16539
m18035,f1353
m2322,f3958
m573,f2672
m12319,f10376
m1629,f8470
m221,f4333
m16289,f12182
m6684,f10204
m2884,f8101
m12152,f6220
m14010,f13334
m388,f5404
m2714,f11987
m4617,f12094
m8055,f606
m5940,f15843
m1015,f15458
m2068,f18194
m2186,f5152
m2794,f9269
m2267,f17529
m2111,f11305
m16325,f16368
m821,f11985
m2235,f9157
m3317,f16223
m724,f5150
m18088,f8420
m6559,f9439
m5429,f8058
m3849,f7466
m4367,f17219
m1915,f12395
m318,f9938
m422,f14875
m619,f9263
m9729,f1229
m3681,f18177
m730,f7478
m4704,f16092
m1085,f8871
m801,f16559
m13008,f6412
m123,f296
m4856,f8844
m10725,f8539
m7213,f8652
m6159,f9216
m2743,f15238
m1133,f11698
m18229,f6353
m18431,f11527
m16338,f5812
m16781,f17903
m18130,f18521
m84,f7947
m2178,f15377
m269,f2465
m5784,f4913
m1045,f8333
m9080,f3009
m1043,f15362
m1179,f16534
m8287,f10566
m5088,f8475
m8311,f11907
m7694,f10948
m7696,f2058
m1096,f10535
m46,f1331
m11587,f4375
m4225,f4573
m6506,f5407
m5290,f6638
m312,f4315
m2360,f10489
m4746,f12400
m1081,f14356
m4299,f3904
m8148,f17379
m4158,f4766
m3812,f496
m2406,f16635
m1331,f6324
m23,f13131
m3925,f14433
m12408,f9430
m307,f5067
m2890,f15308
m11364,f15799
m16145,f18517
m3111,f12894
m207,f12531
m2029,f12144
m2074,f2742
m3766,f14832
m2553,f6328
m351,f12002
m537,f12006
m2707,f18511
m1255,f18448
m6507,f9775
m2338,f15443
m2297,f7554
m14245,f14262
m994,f10490
m2076,f9128
m1903,f14830
m1266,f8714
m4018,f10356
m3453,f12003
m328,f12382
m2385,f9906
m12104,f11487
m18014,f11599
m4550,f2785
m5767,f17506
m11766,f3442
m2998,f5061
m120,f4912
m254,f12706
m5325,f14536
m13683,f1987
m12754,f2799
m17475,f3197
m9833,f5413
m4643,f7450
m17296,f8430
m13748,f11189
m2680,f15550
m5598,f17009
m3784,f3624
m2023,f4632
m12334,f3366
m11817,f13020
m7317,f9470
m9755,f14351
m5894,f16619
m7198,f5976
m8065,f5612
m3903,f7728
m13843,f1273
m6860,f13145
m3462,f4637
m1329,f3055
m7375,f1266
m4535,f9077
m3803,f6111
m7892,f9698
m9962,f8964
m6878,f4989
m3626,f12375
m2759,f12779
m287,f11741
m11462,f6662
m16401,f16502
m3366,f15514
m17844,f7027
m1123,f12102
m6200,f18098
m7017,f14642
m5101,f6219
m474,f15253
m4678,f4821
m16954,f14272
m15644,f4618
m6757,f15122
m11057,f4727
m4702,f6582
m1929,f3596
m608,f3578
m14243,f300
m325,f15589
m567,f1608
m7894,f16029
m14181,f12798
m17911,f1042
m4742,f3793
m6563,f11488
m9824,f11820
m5683,f15429
m5541,f13211
m1010,f1613
m9213,f14826
m3966,f4793
m5040,f6350
m15550,f12467
m4698,f4169
m11249,f17730
m13288,f2493
m9670,f14104
m9577,f4549
m697,f15759
m4133,f14801
m8382,f8073
m5797,f12081
m974,f17849
m11529,f9829
m332,f12626
m1173,f11048
m1210,f2335
m12122,f10021
m4296,f8219
m16491,f11971
m2628,f15880
m17789,f1446
m144,f8126
m5926,f15946
m3969,f10350
m5433,f13252
m7143,f2082
m4688,f525
m5954,f16937
m10075,f14797
m9371,f11415
m11497,f3639
m4044,f3036
m14033,f12276
m4470,f2938
m7211,f3780
m12699,f16835
m10350,f16327
m10256,f1900
m2149,f4091
m3169,f12385
m442,f6589
m11524,f2240
m10060,f8016
m1644,f6905
m10559,f1091
m3586,f4512
m7689,f9193
m16927,f16724
m10605,f12832
m12888,f574
m12478,f4938
m11845,f7835
m12379,f979
m5300,f14894
m6749,f10434
m18302,f7414
m4645,f9443
m17594,f15749
m8310,f6514
m1132,f16117
m6550,f4011
m5023,f5108
m6892,f18467
m11180,f15246
m4465,f8830
m11214,f9416
m4320,f17484
m3081,f2117
m3926,f12255
m289,f6329
m17382,f704
m6942,f15344
m5703,f16470
m4967,f9823
m6369,f16615
m4667,f2591
m4538,f1051
m3675,f1645
m17380,f1083
m3946,f2079
m12429,f8302
m15254,f9573
m618,f1509
m11153,f10091
m324,f647
m433,f16402
m9933,f4746
m13801,f1149
m13989,f15989
m6709,f17763
m12588,f9929
m2694,f575
m12103,f1942
m10588,f5717
m2828,f13626
m11117,f4955
m3629,f13198
m17740,f166
m2027,f3051
m2507,f17953
m15149,f9037
m12236,f12909
m13581,f4371
m11784,f2625
m219,f9676
m13715,f13061
m10869,f3831
m10363,f8660
m10655,f6179
m10748,f10818
m333,f12435
m1057,f7165
m2207,f9738
m6570,f9721
m1954,f2287
m8594,f3786
m7766,f14121
m8956,f17075
m3981,f1004
m7703,f5597
m1189,f1371
m17668,f5671
m7246,f2653
m9206,f4394
m1784,f5630
m9359,f10327
m16352,f6469
m1171,f13632
m11174,f1971
m9022,f14799
m1474,f3333
m809,f10681
m9702,f3646
m10553,f18269
m14696,f10498
m7832,f16497
m7958,f14346
m3918,f8797
m4651,f2896
m13386,f12152
m15335,f14206
m7582,f10030
m15094,f2163
m540,f8128
m18245,f3404
m2381,f16264
m4562,f4608
m12844,f5234
m6515,f21
m3461,f7176
m727,f6466
m11272,f10595
m13023,f6332
m6435,f16864
m1809,f23
m282,f15840
m10850,f17134
m223,f14668
m1018,f4532
m15115,f10494
m13984,f15097
m3512,f11791
m1190,f2180
m3471,f18094
m4393,f1247
m5779,f1791
m698,f9997
m16529,f597
m2836,f1520
m1641,f1543
m7417,f11609
m800,f6454
m3569,f8021
m6405,f6473
m9848,f13507
m12843,f11485
m17484,f13804
m9180,f10438
m16489,f8279
m12095,f8986
m7813,f146
m16973,f3043
m96,f17923
m1437,f7156
m360,f16464
m392,f6956
m3920,f14695
m8606,f14403
m7959,f17810
m1017,f15084
m484,f14124
m2904,f3766
m16574,f14943
m5503,f16136
m2810,f8709
m12431,f148
m17260,f3256
m12961,f11055
m17432,f10332
m10074,f15042
m2629,f17661
m5204,f5278
m15204,f885
m14266,f15503
m2139,f4544
m2200,f13196
m1463,f14699
m1130,f888
m1032,f2303
m2977,f1997
m12457,f13135
m4675,f8034
m199,f8515
m1889,f4089
m2724,f4577
m10494,f6201
m1643,f7804
m6980,f17395
m6698,f4345
m6668,f16458
m1846,f13518
m16298,f2927
m3154,f2800
m2451,f2155
m9826,f6364
m3130,f10131
m5867,f12713
m6887,f4013
m9113,f2951
m2956,f16234
m8765,f9053
m10253,f16268
m5253,f13248
m3902,f6950
m1177,f12993
m11505,f8185
m2201,f5980
m17639,f615
m10157,f9326
m1464,f15545
m11744,f6067
m17013,f12596
m3503,f15747
m16556,f14238
m4410,f18209
m320,f12883
m3940,f13492
m4267,f7616
m1466,f4942
m7225,f10843
m955,f16891
m7208,f18125
m8585,f10578
m4963,f17071
m2151,f4225
m11441,f9342
m12644,f5687
m8170,f7296
m5619,f901
m196,f6083
m9369,f15013
m9192,f18245
m4539,f12457
m10548,f10408
m8294,f7227
m8779,f1140
m8660,f9922
m1071,f12133
m775,f17449
m5049,f4096
m668,f1903
m9316,f4826
m6108,f5529
m2062,f1853
m225,f2743
m804,f1623
m11343,f14734
m7537,f9494
m425,f4226
m601,f15404
m1523,f13493
m584,f3076
m8235,f18482
m10815,f10584
m9646,f12230
m7598,f7339
m7889,f7141
m12678,f9626
m17820,f4616
m9550,f11407
m4016,f2277
m16373,f11626
m11028,f12221
m583,f5270
m11694,f427
m11304,f17932
m17578,f12306
m12403,f1885
m16909,f18023
m101,f10810
m9311,f5707
m5492,f11592
m5862,f5274
m6601,f14134
m7788,f12401
m611,f11933
m15191,f5166
m7940,f6816
m8476,f6604
m519,f4359
m9310,f15741
m7421,f12519
m4200,f1082
m82,f9417
m10286,f15060
m10281,f25
m3373,f12874
m10095,f11890
m3684,f11588
m1355,f2459
m1666,f2531
m3627,f11255
m8544,f16829
m1558,f15836
m16591,f5231
m1007,f1947
m8925,f1132
m13051,f3988
m3829,f6232
m10154,f3271
m13943,f7848
m3701,f13956
m4577,f14806
m11950,f9747
m16181,f3839
m10422,f14091
m17117,f9724
m10061,f10463
m9138,f2190
m14264,f18083
m1074,f16173
m756,f1329
m2054,f10291
m10325,f14634
m4514,f5754
m1977,f16456
m2967,f353
m3348,f5348
m62,f17050
m4880,f9175
m5710,f14839
m3862,f13411
m10622,f3206
m44,f6750
m832,f10361
m544,f9265
m323,f12950
m895,f2131
m4061,f14357
m2500,f10218
m12667,f12203
m3314,f17651
m5167,f15453
m10198,f295
m2488,f16560
m112,f10534
m4764,f14683
m12014,f10026
m5537,f6523
m1797,f11885
m7928,f13914
m17960,f2575
m9725,f16296
m16019,f4722
m12048,f675
m2945,f9791
m15964,f3724
m2269,f1346
m2152,f7474
m1843,f10282
m9057,f15157
m1166,f7599
m4934,f4317
m6423,f9669
m761,f11297
m4490,f772
m6107,f6500
m372,f2421
m330,f4281
m9614,f4768
m5851,f7198
m1771,f4260
m4425,f16532
m517,f13988
m345,f15699
m2416,f8657
m2066,f10516
m9474,f13400
m1823,f206
m2275,f3317
m3067,f11284
m3346,f17223
m4507,f16083
m1551,f6386
m336,f15351
m4160,f6913
m3278,f12092
m2098,f9364
m4533,f7065
m2118,f2129
m16436,f4615
m2249,f10515
m7440,f2554
m995,f2033
m720,f15707
m2009,f11503
m5479,f5065
m2284,f8716
m2966,f15366
m1241,f17305
m13128,f2122
m420,f12947
m13323,f10163
m5855,f6702
m1391,f7066
m2199,f7547
m8937,f10691
m50,f6338
m2346,f568
m1732,f7207
m4463,f3253
m1314,f3727
m3616,f14391
m1122,f11141
m520,f12404
m3136,f7557
m178,f6043
m3038,f16813
m2373,f6344
m8273,f13030
m3074,f8442
m2393,f10315
m665,f5384
m5280,f3827
m1398,f5922
m6162,f10486
m15825,f14965
m3165,f8478
m11204,f12143
m10696,f13785
m2580,f14363
m5553,f16991
m17579,f18512
m1815,f3483
m10445,f15249
m263,f17947
m6408,f17987
m16872,f16157
m2903,f13446
m10795,f17031
m8244,f14919
m16316,f4361
m2408,f13842
m10050,f16341
m6048,f18285
m1836,f16196
m3719,f7803
m3433,f10151
m6582,f14942
m10563,f18499
m12871,f13022
m2409,f2407
m547,f7289
m4184,f8582
m9814,f15513
m4265,f12844
m7763,f12769
m16525,f3231
m7956,f15062
m6470,f15073
m2096,f3473
m3224,f7985
m1538,f3797
m12262,f8598
m1701,f9176
m2055,f17836
m7710,f9654
m3600,f10589
m4585,f17325
m12007,f3363
m16860,f17397
m4600,f790
m2512,f2885
m3233,f15811
m6783,f4193
m3192,f5362
m9907,f12337
m1290,f13068
m9011,f1430
m556,f3024
m181,f5921
m13392,f3152
m1594,f4693
m5034,f1449
m2646,f7968
m400,f11285
m8191,f11701
m1417,f3434
m4371,f5217
m8020,f16651
m230,f12041
m8054,f6241
m7784,f14298
m17940,f16024
m1619,f14309
m12187,f10450
m12527,f13229
m9448,f8109
m9810,f13939
m703,f5646
m8135,f5943
m14547,f11257
m1973,f10913
m7946,f14023
m14784,f4979
m4812,f5680
m3651,f8584
m1270,f1919
m486,f3345
m36,f4065
m6319,f11346
m396,f621
m6827,f8571
m7800,f7958
m9817,f5058
m12244,f15294
m12657,f2461
m1646,f15582
m3877,f11006
m18053,f16384
m3084,f7736
m3522,f15002
m1315,f9690
m10272,f5273
m6854,f8375
m10988,f4018
m6510,f12718
m13437,f7001
m9959,f4728
m11511,f1641
m5067,f8565
m6666,f14633
m13235,f7504
m322,f2861
m6335,f4849
m18036,f11497
m6046,f15297
m6003,f17717
m2176,f4738
m3571,f13921
m17416,f13688
m3101,f14805
m16904,f9601
m4587,f14767
m4441,f12302
m13054,f5063
m4592,f14141
m16410,f3946
m5212,f18121
m12693,f8842
m13918,f10404
m4334,f380
m17584,f6588
m5600,f17159
m18024,f10052
m13254,f7988
m11194,f7806
m6641,f7655
m471,f17565
m13220,f3671
m8711,f10750
m12275,f14676
m284,f11056
m12389,f4463
m8101,f6592
m6806,f13772
m17900,f16784
m16854,f17413
m9815,f14086
m5961,f15361
m4931,f3692
m4722,f8305
m978,f4085
m5704,f7123
m9619,f4519
m6585,f8032
m7125,f17769
m16493,f8081
m18379,f13291
m2090,f712
m9266,f1115
m4793,f11524
m14773,f3344
m3354,f13156
m309,f10302
m10654,f11591
m3821,f16578
m1366,f14989
m7490,f12231
m10407,f5169
m5658,f16228
m220,f13812
m6516,f9948
m5,f3996
m3292,f8587
m790,f16241
m4663,f17095
m5083,f11764
m1984,f15761
m10203,f11612
m3692,f14488
m17229,f10567
m2662,f845
m11130,f1858
m11176,f14814
m2443,f3906
m8821,f7865
m6481,f1418
m6242,f11402
m4712,f13431
m6277,f12085
m8485,f13325
m17208,f913
m1838,f17464
m18009,f17738
m1452,f2230
m4400,f9232
m8229,f17824
m3072,f4296
m17106,f17626
m9919,f3647
m2597,f13778
m4378,f4928
m5119,f12600
m3739,f14933
m17016,f15215
m9730,f18141
m11917,f7101
m3540,f8768
m12481,f3441
m11011,f17838
m12205,f13786
m898,f3381
m6216,f9870
m12166,f9392
m2311,f17417
m15162,f13299
m2663,f11493
m3407,f9388
m746,f6822
m2454,f11392
m16623,f3315
m8424,f13743
m12393,f650
m8783,f11370
m991,f1765
m909,f3338
m8139,f6560
m10695,f10018
m7774,f2498
m1774,f17595
m10414,f11150
m4872,f13495
m13175,f11887
m6946,f11943
m7761,f5995
m13706,f16391
m983,f8505
m6296,f9483
m3356,f5353
m9775,f4846
m458,f18325
m8943,f1423
m12268,f4825
m1440,f1154
m2330,f3331
m12861,f13934
m13510,f9960
m4560,f12618
m12847,f15170
m8858,f11313
m17334,f13382
m2925,f7168
m6740,f11810
m4703,f975
m6477,f7026
m3455,f3419
m4256,f10252
m1626,f9461
m11208,f15768
m791,f7913
m6052,f8749
m9507,f6874
m2391,f10019
m4720,f5090
m3164,f16955
m13247,f18097
m13250,f17613
m5264,f1547
m850,f13669
m267,f15237
m349,f9668
m4258,f3993
m6673,f8881
m1783,f6631
m8692,f12328
m12211,f600
m11986,f8497
m3056,f5804
m884,f12562
m3711,f4146
m587,f2501
m8911,f12511
m10829,f8114
m6182,f17674
m2088,f2871
m10950,f4343
m10680,f7502
m14153,f2884
m8332,f8197
m1117,f9207
m6194,f2292
m17406,f663
m3787,f8355
m2295,f807
m151,f17614
m628,f13783
m1657,f1648
m7076,f7205
m9506,f18335
m277,f4147
m16875,f4499
m11706,f571
m1456,f12365
m12139,f3635
m12020,f16880
m12744,f13863
m4459,f17470
m669,f6444
m10334,f6237
m10235,f13178
m10668,f9167
m9421,f4129
m7394,f14981
m41,f13563
m18477,f5530
m5486,f1361
m9346,f2348
m12719,f758
m1242,f14775
m3226,f15426
m5162,f5371
m4660,f6286
m1844,f12914
m8665,f9511
m1779,f10892
m299,f6872
m17795,f14089
m3587,f14722
m3713,f16483
m2623,f15590
m18269,f8530
m6689,f17950
m9909,f6777
m7808,f17276
m6240,f6200
m17085,f4142
m5774,f2057
m7944,f11063
m8119,f1592
m1164,f4829
m780,f13283
m153,f3512
m3971,f2857
m2439,f15182
m1873,f16720
m2571,f13295
m4384,f5541
m8916,f13949
m7966,f5111
m12652,f14499
m4641,f952
m1864,f18403
m8122,f8734
m18142,f7855
m4288,f18256
m10362,f10240
m9986,f9060
m8295,f3641
m10086,f16269
m18405,f4380
m1475,f11629
m13245,f7267
m2230,f10647
m9584,f2898
m10276,f13225
m1259,f5538
m14859,f14080
m11778,f6246
m6244,f19
m5647,f9827
m8653,f4351
m11923,f17438
m1923,f16652
m2805,f7648
m1410,f7392
m10782,f11079
m8762,f10055
m8458,f2152
m11119,f18385
m10566,f13870
m3168,f2462
m11104,f9220
m16828,f12501
m7501,f10711
m10921,f1619
m10189,f6773
m3387,f2852
m9188,f16827
m8950,f17547
m8456,f15898
m8867,f11823
m3401,f13262
m717,f628
m4524,f8935
m2288,f16398
m9860,f30
m7779,f11087
m11219,f3099
m8596,f16259
m624,f2937
m12494,f526
m5047,f1133
m12751,f4514
m17289,f1921
m9543,f12057
m17154,f6360
m11404,f4732
m293,f12550
m12479,f4818
m16831,f17051
m4040,f5890
m4124,f8467
m11190,f10539
m1557,f14618
m1461,f7060
m3856,f4342
m1047,f4687
m13544,f16972
m3726,f3923
m4430,f17888
m1700,f15630
m4037,f17374
m799,f5076
m2378,f1939
m4835,f7586
m9246,f9021
m115,f7462
m11056,f10290
m1859,f12190
m6287,f15376
m4050,f8543
m7014,f6070
m7895,f2520
m3834,f2037
m60,f11602
m1504,f1959
m2254,f1225
m22,f14465
m2133,f17663
m375,f7830
m13058,f4624
m13964,f17753
m2397,f13042
m1336,f9226
m18486,f9930
m11230,f11020
m2320,f1347
m1459,f5085
m6521,f8393
m9749,f14608
m5367,f17203
m4921,f7840
m3225,f1471
m2089,f4177
m2916,f10602
m11282,f7895
m14357,f14143
m54,f9123
m1097,f13989
m2999,f14803
m1618,f17808
m752,f10363
m1372,f16501
m16334,f654
m7134,f7271
m466,f3521
m8374,f7381
m5680,f16134
m3151,f11018
m9883,f1044
m108,f2753
m3249,f1342
m2848,f6387
m1583,f6701
m2208,f912
m97,f4306
m1860,f18449
m2815,f9905
m1487,f1841
m2588,f2032
m11263,f18515
m10658,f5724
m2052,f1781
m17758,f4789
m2912,f2997
m85,f9317
m8370,f10765
m9582,f13702
m260,f17659
m12071,f10281
m148,f3721
m1733,f14609
m8962,f2014
m1204,f7559
m1256,f2754
m2361,f14470
m2190,f919
m5627,f1300
m2220,f2316
m9712,f3241
m6223,f4329
m16049,f2948
m1349,f7354
m5015,f6174
m6463,f16251
m10441,f9144
m552,f10683
m17744,f14085
m87,f12935
m12320,f17311
m9456,f8187
m1819,f1598
m7976,f11897
m12727,f3049
m14817,f17870
m14006,f3609
m16398,f10263
m15790,f13580
m7521,f12968
m4569,f1567
m6415,f13082
m6128,f11287
m2437,f9357
m2974,f11200
m1488,f10867
m17869,f18359
m12035,f4360
m8174,f13969
m14404,f7775
m4770,f14896
m17853,f1714
m2233,f2241
m16611,f331
m6385,f7070
m14470,f5288
m16572,f6126
m4815,f17533
m4521,f14035
m12291,f15970
m17425,f8233
m9792,f6160
m1940,f694
m1918,f10572
m290,f7910
m13699,f9381
m3794,f7982
m5473,f1892
m2659,f17931
m13379,f10247
m7008,f16381
m4927,f12446
m6257,f15340
m5283,f14345
m9499,f12897
m6135,f8278
m16593,f2107
m5185,f8071
m12070,f4724
m17534,f18509
m7631,f2869
m4966,f8252
m9518,f13749
m911,f12928
m439,f2932
m8804,f8084
m7097,f11184
m18084,f2433
m7798,f16452
m2177,f12451
m3287,f2327
m4760,f8578
m3770,f6248
m3697,f2914
m4275,f5183
m5275,f8085
m11362,f14064
m13276,f12676
m17012,f394
m1202,f4374
m1348,f7430
m16500,f12649
m13624,f6021
m4415,f64
m4697,f15489
m1031,f4981
m6029,f9703
m13490,f10808
m11938,f4358
m5234,f7087
m11996,f1689
m6288,f16906
m2031,f13966
m6567,f13202
m4203,f3341
m3832,f5357
m5577,f14390
m13444,f6565
m16419,f15846
m17966,f17779
m11964,f11322
m7945,f4490
m10040,f3636
m2676,f3837
m907,f5565
m12098,f15198
m11460,f15165
m610,f17328
m114,f1243
m1104,f16008
m1293,f5947
m17242,f12153
m18103,f6065
m3094,f16400
m8436,f9072
m11024,f11788
m2479,f4669
m8155,f8931
m10931,f14508
m5522,f8262
m4209,f4398
m13905,f1701
m1782,f14328
m9737,f14728
m13508,f303
m79,f16295
m951,f12983
m16294,f1664
m16300,f16346
m9571,f7348
m17473,f3068
m5676,f14773
m12402,f17182
m7345,f6766
m11289,f15922
m16274,f6238
m12629,f9065
m7745,f11673
m10245,f4834
m4289,f8254
m6707,f11616
m343,f7349
m3494,f13075
m6151,f8248
m6616,f527
m7952,f29
m25,f16111
m1009,f8534
m8712,f11180
m13006,f13904
m7431,f14599
m2256,f15194
m7293,f11430
m3573,f8613
m14770,f16826
m7416,f481
m2405,f4213
m10784,f5326
m3230,f3962
m834,f16200
m4570,f13108
m7247,f4121
m3889,f6510
m3848,f8342
m17010,f13238
m9063,f9420
m17745,f17775
m2388,f16622
m13722,f17713
m16285,f461
m18108,f13781
m3362,f8610
m2043,f4629
m17860,f1883
m9809,f12260
m16452,f6463
m14431,f1676
m13569,f12062
m11420,f13468
m4901,f17202
m6503,f7705
m984,f6826
m1511,f180
m51,f7329
m1998,f7833
m1659,f11994
m6231,f9733
m856,f9684
m1126,f8335
m18118,f10411
m1632,f11468
m13363,f244
m255,f5870
m638,f18344
m18126,f16174
m315,f10412
m8579,f4346
m14737,f16765
m581,f16624
m5883,f1257
m12213,f963
m6321,f14320
m3603,f17537
m1652,f10861
m13305,f10322
m18177,f2103
m13499,f2067
m1555,f12093
m2109,f11403
m3917,f10718
m3953,f9148
m17052,f15465
m17953,f5211
m2063,f15330
m12150,f13927
m11323,f6755
m18004,f12344
m13389,f7359
m5289,f5004
m4210,f7505
m7768,f16473
m16870,f10065
m2456,f10124
m2426,f11267
m2679,f9876
m7953,f11649
m16421,f2897
m18102,f5144
m2952,f16599
m4129,f3335
m17345,f10402
m11697,f3140
m12409,f8845
m14855,f377
m2839,f15978
m1415,f3343
m12489,f5325
m842,f1521
m998,f1089
m13084,f7812
m662,f13223
m18110,f11968
m2014,f8366
m17480,f8633
m12226,f232
m2283,f10106
m10872,f4137
m16606,f8010
m327,f6151
m11366,f17540
m38,f12904
m10065,f6957
m6278,f406
m956,f11065
m644,f9086
m11666,f18022
m10461,f16583
m17592,f16154
m7588,f6679
m7118,f6999
m10428,f5525
m2785,f13633
m6013,f10717
m2713,f3179
m2374,f17073
m3272,f7969
m3954,f10119
m680,f8194
m8831,f2076
m513,f16769
m414,f16449
m16925,f4520
m10976,f17407
m3690,f14233
m17217,f11086
m3897,f7376
m10320,f18255
m8652,f730
m1374,f3706
m1678,f13708
m2122,f2546
m570,f2908
m10777,f15579
m16368,f5318
m4513,f5245
m4054,f7147
m6819,f1786
m16614,f9253
m13308,f9836
m12063,f10334
m3298,f3048
m4608,f12064
m17728,f684
m1955,f18489
m6109,f11106
m12511,f5158
m1590,f17174
m17517,f6829
m2008,f11874
m1696,f2403
m3802,f16491
m7132,f17119
m17245,f14397
m2539,f3844
m49,f13532
m8282,f5762
m1598,f12463
m521,f16037
m15090,f6282
m6830,f17361
m334,f5676
m17434,f12077
m13121,f15424
m4632,f13805
m7402,f2844
m9280,f5962
m3677,f10617
m5750,f10713
m5053,f1889
m1638,f16100
m1938,f2290
m8671,f703
m6866,f11319
m5051,f10385
m11762,f9068
m1247,f5317
m4255,f17684
m17837,f18210
m18479,f2329
m3562,f18440
m7515,f9897
m17677,f4995
m10479,f13256
m11398,f13043
m1841,f12154
m4168,f9597
m11518,f8132
m8005,f9028
m3417,f7306
m1028,f10510
m10697,f12630
m16250,f396
m1634,f11731
m967,f17437
m5576,f14724
m8787,f7836
m6410,f17241
m8475,f7595
m14719,f2737
m1563,f11863
m8426,f725
m1687,f2294
m2229,f15918
m5287,f13342
m17928,f5705
m17132,f10
m9185,f9200
m3883,f15307
m7695,f7962
m1595,f95
m10269,f3648
m16103,f13847
m472,f14160
m243,f7115
m423,f4836
m11201,f3213
m5754,f12448
m13830,f1135
m17470,f4203
m7384,f12884
m7585,f12069
m10442,f13528
m10302,f7363
m10174,f10045
m555,f3449
m11045,f18135
m12525,f477
m9559,f16719
m13463,f16394
m8247,f993
m11777,f1126
m6526,f8310
m11102,f8510
m1224,f1856
m18193,f12362
m5197,f13259
m18132,f9609
m826,f14140
m11939,f17098
m4466,f6538
m8990,f15827
m1904,f4950
m4731,f17257
m6900,f6581
m494,f16694
m17462,f827
m6928,f14205
m7481,f2319
m2669,f1020
m1690,f7755
m1684,f14977
m2187,f15008
m5208,f208
m8323,f5492
m10317,f11954
m3961,f18415
m8749,f12951
m7221,f11770
m6334,f5552
m4930,f9824
m17047,f5316
m1602,f2661
m16233,f12223
m2970,f1100
m8913,f3783
m2232,f15835
m1182,f12047
m2563,f2942
m16643,f15177
m10402,f3167
m11347,f1033
m12212,f10868
m11549,f4946
m3988,f6573
m11708,f7463
m12096,f11804
m12337,f12254
m2989,f6407
m9980,f6601
m355,f8202
m8206,f10200
m16203,f15466
m7320,f16820
m15109,f15396
m77,f1490
m10792,f6114
m12215,f11608
m1451,f505
m11012,f2583
m8614,f16150
m240,f7063
m5254,f14468
m8364,f4595
m1309,f15459
m6706,f18458
m4846,f17522
m13871,f7062
m11750,f11995
m4080,f17028
m16989,f11226
m522,f18186
m6349,f14853
m8177,f7944
m17179,f18457
m5638,f15348
m8397,f14477
m1787,f7049
m1347,f10761
m13698,f12036
m1026,f1328
m3381,f507
m5982,f1215
m1672,f15622
m1922,f9793
m9017,f3930
m1351,f5984
m2964,f2210
m8453,f360
m14058,f590
m5033,f3276
m2802,f15353
m4743,f16536
m2616,f17820
m11474,f15449
m13336,f16351
m7786,f9681
m310,f8624
m9990,f3457
m15018,f13157
m12646,f4279
m18150,f4767
m12887,f6401
m4175,f14604
m6022,f6033
m4247,f11510
m4312,f12918
m4041,f15229
m14568,f17724
m4829,f3882
m2245,f6089
m359,f2517
m4480,f9570
m2094,f10153
m2870,f11138
m3554,f15698
m2018,f10900
m7106,f9043
m169,f12140
m3783,f18443
m985,f4901
m7387,f11131
m198,f7545
m1989,f3020
m3044,f3517
m3336,f17647
m462,f59
m2869,f11837
m5392,f7795
m688,f10509
m4322,f7788
m404,f15715
m3143,f13991
m933,f17727
m586,f14961
m1090,f13152
m1835,f18445
m981,f4307
m2614,f12658
m2003,f6706
m4937,f2519
m8625,f1191
m1341,f13478
m5177,f6912
m3068,f9313
m17,f16053
m1350,f3720
m4953,f13713
m6973,f15434
m1514,f16632
m3208,f464
m16495,f2587
m15344,f3225
m3596,f3949
m18262,f17623
m5690,f11038
m1346,f12887
m16481,f16662
m722,f10009
m8334,f12455
m14002,f14749
m4567,f6921
m8538,f15955
m1396,f4867
m4612,f18117
m17710,f15001
m4317,f14600
m10875,f7488
m11490,f9545
m11840,f17359
m622,f9542
m12138,f18425
m3120,f3921
m3100,f5032
m858,f18021
m16604,f1713
m3621,f1534
m12862,f14864
m18070,f9228
m634,f13336
m3861,f1527
m1950,f6081
m3286,f18143
m14627,f7986
m2585,f13210
m7534,f11246
m14050,f4041
m11764,f17638
m3091,f1152
m3386,f6140
m17007,f13107
m17849,f15997
m1312,f598
m17878,f2795
m5495,f11190
m18281,f5049
m16408,f2450
m16265,f11717
m10709,f16238
m5013,f1094
m6996,f14716
m817,f6895
m9795,f3108
m1887,f13321
m4058,f17800
m7397,f8891
m2888,f10326
m17157,f5117
m10251,f14243
m13151,f14985
m6185,f15929
m7590,f15163
m3291,f16939
m13278,f15014
m496,f18038
m12468,f101
m4974,f4452
m3502,f7327
m5737,f16494
m11293,f1554
m6060,f13500
m1239,f2093
m8563,f8535
m9079,f2722
m11877,f13114
m2146,f7195
m2387,f14053
m1925,f11340
m16469,f5733
m7900,f10145
m12769,f15957
m9347,f11578
m1019,f12396
m1195,f11667
m11034,f11538
m3149,f10422
m6157,f15748
m1671,f15167
m2030,f6270
m4074,f12956
m12566,f430
m14493,f17342
m13962,f14559
m13718,f2855
m16165,f9593
m2761,f15078
m919,f2070
m17708,f7976
m3342,f15980
m1761,f13698
m1222,f7476
m3391,f16
m2772,f17403
m795,f16865
m16843,f15565
m5788,f13001
m14009,f15120
m12583,f989
m17385,f15931
m1230,f9402
m146,f17082
m6213,f18493
m1852,f8897
m18338,f4510
m4756,f2977
m8405,f17114
m6950,f12024
m18115,f11617
m8834,f1367
m3516,f10806
m1639,f18389
m13991,f16481
m18274,f17680
m14081,f10449
m16354,f3895
m2206,f6320
m1549,f11853
m1265,f10878
m9269,f9343
m3751,f17142
m13377,f6568
m17574,f6275
m1319,f7577
m302,f10123
m14443,f15856
m5733,f12621
m16937,f1293
m16588,f6600
m4254,f5282
m18127,f18455
m9629,f3481
m5772,f9451
m2053,f4414
m481,f6806
m1183,f1677
m17761,f341
m13329,f10748
m8324,f6494
m13139,f9978
m10160,f10799
m9569,f13761
m15187,f17585
m5764,f14384
m12503,f14084
m1576,f2712
m12731,f2248
m16512,f15509
m1515,f4290
m8240,f5815
m4726,f17861
m1588,f4106
m1094,f3717
m860,f5028
m11350,f2843
m4500,f18293
m9794,f15281
m2326,f2918
m8498,f8724
m6890,f115
m2485,f8595
m11357,f601
m1535,f11364
m8877,f18124
m1974,f8855
m10863,f15588
m2134,f16980
m9304,f12900
m4013,f2499
m2700,f7286
m3483,f13832
m3128,f17720
m16277,f2649
m331,f14280
m11087,f4246
m445,f16454
m11093,f3183
m3445,f4112
m10181,f13396
m335,f10497
m11838,f12569
m11650,f15467
m3693,f16788
m2480,f10061
m10367,f12755
m15850,f7228
m9447,f16322
m17780,f11668
m4865,f13464
m7805,f5691
m6692,f12238
m10993,f14792
m4686,f3914
m167,f18486
m8116,f1747
m17773,f15218
m1308,f18410
m14851,f18242
m19,f13709
m6164,f8149
m14967,f7342
m11381,f16189
m4864,f18031
m7248,f534
m7086,f9975
m13103,f5489
m11007,f18231
m11072,f17321
m5282,f9697
m6304,f10871
m9983,f9385
m3274,f17398
m543,f2351
m11886,f11519
m10889,f3079
m12111,f6948
m1522,f10573
m12179,f14413
m13608,f15227
m11444,f9685
m17610,f8211
m5769,f6980
m9847,f7054
m11478,f3544
m12312,f5200
m13361,f4991
m548,f4734
m1334,f16763
m1212,f1038
m3823,f1475
m13333,f16908
m13341,f4798
m10419,f10126
m11368,f9396
m11383,f9831
m16632,f7697
m6416,f5233
m489,f7847
m2564,f14484
m8407,f4545
m892,f2446
m1637,f6443
m659,f16105
m11530,f8033
m14987,f14721
m7545,f6139
m803,f8334
m8207,f4
m10832,f9811
m4349,f12280
m11929,f10234
m8230,f10546
m5432,f13170
m3422,f6447
m11962,f11504
m5518,f8911
m15108,f8364
m10319,f6429
m9010,f17105
m7691,f5609
m4792,f17728
m2513,f12510
m7033,f15046
m11200,f7633
m4086,f14643
m18019,f13183
m17546,f11502
m2523,f1249
m6093,f12597
m2061,f1962
m4240,f17289
m7632,f3531
m2265,f16216
m18249,f4513
m11550,f1425
m1620,f6193
m3566,f14815
m15552,f13554
m5455,f986
m4474,f15745
m8707,f1412
m11521,f3997
m12339,f5763
m5604,f4104
m11199,f18003
m8272,f7005
m964,f9723
m8626,f902
m283,f12830
m17805,f8362
m5568,f6547
m3351,f1894
m8080,f13186
m1155,f15036
m8968,f8949
m15116,f4540
m10063,f1529
m10800,f8275
m1278,f962
m7238,f14370
m10895,f3915
m11166,f11501
m1526,f10659
m17386,f4077
m17602,f16338
m12351,f11037
m5854,f6294
m9672,f18218
m12826,f4070
m934,f15816
m9899,f5089
m8036,f16245
m4437,f15033
m3792,f15104
m635,f17463
m2044,f3782
m3943,f13815
m9009,f1890
m4821,f14078
m9416,f14502
m2611,f7634
m429,f1497
m8820,f14041
m1986,f16469
m16625,f626
m2291,f16446
m10088,f16477
m2709,f16584
m3490,f1189
m11165,f18090
m7509,f612
m9133,f7727
m3285,f7122
m5728,f6677
m8482,f4830
m11164,f17574
m7079,f4837
m10178,f13947
m591,f1305
m8373,f6876
m16933,f10174
m467,f5443
m11264,f4898
m5618,f2854
m10808,f9475
m6615,f6055
m6779,f10783
m6904,f10017
m6848,f11651
m11563,f17199
m6255,f12012
m785,f7424
m3437,f13814
m10431,f1622
m80,f4974
m2242,f2228
m11992,f12802
m9542,f13282
m6599,f1168
m11476,f14240
m12252,f7382
m10395,f9441
m15097,f12193
m9066,f3659
m15398,f17118
m11522,f2704
m18388,f16936
m18279,f889
m17050,f18115
m14619,f3038
m11134,f1287
m11946,f10396
m3736,f1609
m3294,f11379
m9337,f6832
m111,f17235
m9368,f3401
m533,f4336
m3163,f12825
m9714,f4686
m1580,f16358
m3732,f3070
m2901,f6109
m2719,f7061
m10401,f3452
m14963,f16224
m13779,f10901
m1062,f15372
m1156,f16529
m7240,f2564
m1100,f10016
m1949,f7461
m1025,f16518
m733,f9571
m478,f4892
m2039,f10500
m701,f12542
m3204,f10692
m9301,f7601
m2331,f16558
m3114,f16163
m1003,f18140
m992,f9728
m5732,f16538
m2410,f14857
m2554,f16668
m52,f1699
m18221,f10622
m14289,f18505
m8847,f12405
m2444,f7055
m10352,f11582
m18515,f8460
m9405,f15540
m713,f5721
m9128,f11450
m9047,f3272
m9308,f491
m13169,f9247
m15481,f15457
m8312,f567
m4948,f1768
m18214,f17502
m28,f13707
m4735,f4056
m14827,f17011
m2099,f10192
m9378,f6342
m1390,f3857
m740,f2206
m1160,f8426
m15181,f14461
m2844,f14126
m2460,f4668
m161,f16347
m465,f15226
m9869,f9487
m12359,f5454
m708,f14411
m2425,f6914
m2124,f6092
m1833,f14841
m3581,f12709
m2493,f5726
m1578,f9370
m4153,f18297
m1491,f11841
m3574,f13352
m1423,f11690
m125,f14454
m706,f1199
m1731,f4293
m3707,f10160
m24,f488
m2826,f10898
m4603,f11693
m14105,f18447
m16679,f11072
m10108,f6988
m10772,f11657
m11031,f17256
m1622,f15543
m5995,f12635
m8368,f4567
m18048,f5184
m5489,f14361
m12452,f3474
m11439,f6620
m12548,f2510
m10447,f3943
m4148,f12978
m8262,f12310
m14084,f2372
m3256,f8493
m10838,f50
m1316,f11978
m10152,f13308
m12465,f7372
m7389,f16127
m915,f16968
m4092,f5216
m11232,f11031
m3215,f3825
m6877,f357
m4616,f13455
m17731,f8819
m3723,f5149
m5027,f1238
m1857,f11389
m7355,f11309
m6021,f13415
m3029,f12507
m4952,f7924
m5829,f8363
m606,f5251
m11429,f1498
m8954,f17762
m8015,f13573
m8078,f9219
m11654,f10331
m10930,f8586
m9592,f4824
m12490,f7866
m2313,f13799
m9058,f8009
m3908,f3010
m16890,f17959
m13604,f17319
m5435,f5785
m16519,f12679
m9270,f8907
m10372,f9768
m11294,f15049
m525,f8579
m6140,f1085
m1820,f13240
m7644,f1139
m424,f3830
m358,f4424
m936,f3261
m4555,f12043
m5425,f11381
m12556,f10349
m3429,f6959
m5025,f17742
m3288,f8205
m10943,f5355
m779,f3532
m17218,f17129
m649,f17632
m3263,f2810
m350,f14491
m9598,f1668
m7274,f13740
m6351,f372
m6930,f8625
m3514,f14195
m8983,f10807
m5525,f3546
m17054,f2524
m15314,f8264
m17704,f1419
m10694,f2324
m11588,f27
m11114,f17064
m6150,f9194
m3577,f9455
m3322,f10968
m8975,f618
m17361,f241
m9307,f5590
m5660,f6169
m6091,f14045
m10705,f14500
m6586,f10311
m14634,f6283
m14156,f7735
m12369,f10839
m9314,f14158
m12012,f5604
m3898,f9534
m5224,f4900
m3189,f1158
m2658,f168
m770,f2945
m2362,f9445
m2613,f2780
m7868,f13893
m3086,f4745
m4554,f2561
m10127,f4122
m14537,f17469
m2587,f16976
m1112,f14088
m6339,f379
m11127,f3019
m11952,f4469
m9567,f17567
m6090,f4269
m4489,f15316
m989,f10092
m12119,f15869
m2286,f9134
m13842,f5422
m11073,f14804
m11748,f16102
m17126,f8119
m4494,f7534
m11916,f18077
m14711,f3420
m18218,f6688
m1371,f8076
m6939,f15854
m6962,f18357
m18073,f17609
m7067,f15826
m4479,f587
m10583,f14338
m452,f17393
m9960,f17594
m17862,f7871
m5398,f17721
m16577,f17677
m4064,f12877
m1404,f12268
m12376,f248
m2310,f18473
m3170,f9816
m440,f15864
m3931,f15660
m10673,f2269
m4676,f9968
m4580,f8720
m10008,f18348
m7029,f1911
m1176,f11983
m17641,f16243
m9573,f15968
m3804,f11523
m1508,f3600
m6217,f15273
m1330,f5267
m8649,f6414
m268,f13936
m4804,f14704
m6948,f11662
m8637,f2073
m257,f2734
m2704,f5092
m8089,f11486
m3788,f5626
m2577,f9093
m2170,f1141
m1471,f9952
m17169,f24
m13052,f17770
m3340,f1904
m15946,f9567
m4314,f14271
m2375,f18451
m2355,f8959
m1529,f17843
m4824,f10341
m783,f5157
m2438,f17109
m1353,f9624
m9477,f13581
m16891,f9423
m12959,f15952
m16331,f15314
m12261,f10822
m13944,f6718
m13819,f14050
m17230,f11434
m8862,f8345
m17243,f4965
m5711,f11172
m17721,f15327
m2404,f5636
m5665,f261
m15304,f6410
m11173,f2892
m839,f13038
m5203,f17973
m2085,f5632
m12612,f17853
m1702,f15871
m17560,f7961
m17955,f12429
m13532,f16461
m12385,f6015
m10966,f5866
m3369,f11356
m3127,f550
m6746,f14319
m3033,f10075
m2976,f3955
m17841,f3171
m2399,f9108
m1000,f9102
m3705,f803
m90,f17287
m5334,f7638
m10807,f12585
m6363,f8349
m17442,f11773
m13280,f6228
m5445,f8200
m10064,f1357
m2427,f645
m110,f8188
m5345,f16340
m1065,f1980
m1765,f15886
m8888,f18234
m4615,f15184
m13696,f14087
m1630,f4384
m264,f9346
m9570,f10062
m9387,f7645
m13159,f147
m3688,f6428
m2002,f886
m15085,f16336
m3749,f11258
m5373,f16628
m3436,f9024
m969,f1621
m14942,f12620
m12969,f80
m12232,f1657
m9230,f15895
m12492,f10848
m10874,f17745
m14478,f3273
m6214,f13621
m17917,f15140
m4987,f15567
m10814,f15746
m10012,f1591
m18023,f2940
m696,f2259
m1245,f8028
m1303,f14544
m762,f1698
m373,f2286
m12068,f6818
m17642,f15193
m7183,f12595
m604,f14650
m11468,f9094
m18018,f1800
m16351,f6349
m18017,f6107
m12668,f14908
m10962,f816
m5912,f13816
m6192,f14096
m444,f17123
m12828,f12503
m2602,f5526
m5753,f5928
m7133,f14697
m17109,f9095
m4891,f13502
m1323,f14167
m9985,f1840
m6286,f2495
m1534,f578
m6797,f13945
m7299,f6255
m7128,f11078
m1795,f13642
m7181,f8705
m9732,f14647
m1093,f887
m16571,f15575
m2598,f13203
m10868,f14149
m8455,f2262
m17133,f13810
m6075,f12593
m441,f13691
m4896,f13294
m8268,f12021
m5667,f16859
m7505,f6245
m9627,f18481
m10159,f17539
m1996,f10644
m6254,f15103
m9037,f10206
m3607,f8336
m10234,f3985
m8339,f3475
m7285,f14409
m11685,f6778
m7846,f7333
m5284,f2485
m11483,f9100
m11893,f3471
m8696,f16312
m7361,f2686
m8388,f14534
m12736,f10563
m9648,f14526
m6224,f3828
m3680,f9333
m346,f17194
m7253,f6446
m866,f2522
m10538,f13059
m6730,f3772
m840,f5803
m11538,f17130
m4671,f14715
m147,f18074
m5485,f6392
m7363,f11765
m2922,f5196
m3763,f12861
m34,f13957
m4582,f7641
m5792,f1851
m6383,f4140
m59,f4749
m12925,f1595
m8040,f15133
m5451,f14738
m8399,f9734
m1054,f1016
m15050,f13428
m10567,f5893
m5339,f7738
m17536,f939
m4956,f13245
m7896,f5617
m6850,f12213
m13152,f7136
m14757,f11761
m10066,f9234
m5727,f7798
m11162,f3347
m4164,f11766
m8764,f7966
m17004,f8947
m16237,f12665
m3725,f434
m17417,f15665
m13338,f3871
m9395,f14706
m10519,f13185
m4623,f8511
m9510,f18026
m2445,f8551
m10426,f11571
m9115,f1823
m2026,f12929
m16140,f6843
m5651,f11061
m4251,f7608
m5860,f16091
m4282,f16545
m5189,f4593
m9231,f6084
m2742,f13351
m10843,f188
m155,f2666
m18389,f4334
m2620,f8940
m14610,f11858
m924,f9188
m8809,f12916
m7412,f10172
m2307,f3069
m788,f7249
m1091,f14849
m2683,f1147
m18141,f4663
m2973,f16667
m2448,f9919
m11906,f14456
m4201,f2428
m6456,f1999
m778,f2017
m448,f12113
m2377,f13860
m9635,f7219
m5232,f13109
m3991,f10502
m1877,f17662
m10629,f278
m4571,f281
m14814,f14136
m5192,f3187
m2305,f6724
m9032,f10731
m15962,f6026
m4130,f14963
m259,f16034
m431,f18200
m1322,f1202
m4375,f6933
m2718,f473
m1752,f7579
m4940,f12671
m7640,f1784
m1533,f5704
m1020,f15341
m2137,f8473
m6001,f14392
m9549,f11605
m3177,f774
m4672,f7816
m837,f8636
m1110,f17032
m3216,f14127
m126,f6703
m789,f1470
m2531,f4670
m2080,f6034
m3370,f11475
m2919,f18513
m4481,f841
m10025,f1693
m807,f4337
m2508,f5030
m2557,f6054
m2674,f10157
m2411,f11691
m12182,f17641
m545,f15544
m7820,f16020
m5213,f16960
m13650,f14937
m12702,f737
m13199,f5752
m11296,f15757
m13129,f4886
m17713,f16114
m2474,f14701
m14476,f3559
m12209,f13274
m10140,f11248
m13116,f18075
m1972,f13891
m1933,f4997
m1049,f11263
m17606,f14181
m11330,f8814
m3473,f7693
m914,f6528
m10682,f8631
m3588,f2373
m1249,f4451
m3542,f8693
m5773,f560
m6875,f4609
m7904,f3262
m2258,f1826
m12877,f13829
m10490,f5119
m12936,f3295
m8835,f715
m4270,f14542
m10403,f1057
m11634,f9488
m6189,f9205
m3085,f8160
m9841,f5487
m12324,f12166
m7609,f5618
m11379,f13954
m6527,f12791
m8464,f11521
m5249,f124
m13595,f11613
m1363,f801
m12004,f13290
m3153,f12327
m9287,f18392
m12192,f2867
m7147,f14902
m9652,f2482
m10161,f14039
m17048,f11828
m7874,f16715
m7535,f12220
m174,f4960
m4276,f8999
m18216,f13019
m3277,f2337
m3643,f13839
m5137,f4895
m4638,f13587
m6982,f12784
m1613,f14190
m6671,f15037
m7741,f12207
m4096,f13644
m13765,f82
m17799,f10101
m119,f5616
m16824,f11328
m14394,f7089
m7245,f2364
m7713,f10614
m10204,f17593
m4729,f1743
m3489,f6960
m10150,f6934
m11981,f14486
m1662,f10735
m6988,f10825
m249,f10780
m18239,f995
m13670,f11877
m17561,f12309
m10576,f10629
m7706,f9959
m11879,f15571
m10224,f18165
m7038,f8929
m14525,f5476
m11789,f108
m11209,f13678
m8519,f6627
m5297,f5531
m1642,f7747
m9987,f15205
m7266,f8904
m9101,f840
m11833,f15030
m10986,f13285
m6500,f629
m17885,f5035
m17075,f10631
m17535,f1244
m648,f7280
m8224,f9348
m6494,f16121
m813,f10316
m3825,f6571
m4390,f695
m4028,f9841
m12972,f15
m2270,f7150
m17775,f18030
m7080,f8299
m1908,f13324
m5438,f14362
m11047,f6394
m11810,f15672
m2677,f14102
m6368,f3096
m1333,f9105
m1274,f4413
m17962,f3869
m16069,f14004
m777,f7694
m12533,f14883
m17660,f12672
m2333,f9462
m10810,f16161
m13181,f18350
m12831,f7338
m5158,f11614
m8627,f12742
m4624,f5556
m18382,f596
m14451,f6698
m18062,f8592
m3715,f1420
m1180,f3846
m6662,f16994
m9944,f6281
m5873,f5768
m9305,f9070
m9638,f9027
m5765,f7690
m18290,f17681
m8308,f10847
m7700,f14517
m4419,f2882
m8469,f907
m1426,f12324
m928,f14324
m8484,f5314
m2159,f7919
m10216,f6302
m9410,f1632
m6220,f12872
m16429,f4954
m6569,f8382
m12157,f1809
m17100,f1614
m3887,f9834
m18111,f7528
m7348,f3652
m1910,f10122
m5444,f12917
m3878,f15412
m1674,f12922
m449,f5332
m342,f4098
m1037,f14959
m5542,f9141
m7610,f16113
m9519,f12833
m17312,f13079
m6951,f8794
m12883,f7752
m12340,f16899
m17261,f7522
m13066,f723
m2047,f5364
m2482,f17466
m1337,f3361
m1707,f3139
m8654,f14539
m8250,f1074
m9293,f9622
m10500,f2488
m10806,f11848
m3166,f2626
m550,f6828
m2504,f16863
m1934,f17409
m1486,f10639
m10763,f2535
m6064,f8562
m13754,f14708
m889,f7501
m3555,f13003
m1942,f997
m535,f10640
m1276,f16130
m2875,f15576
m1978,f18223
m11217,f2318
m10055,f9955
m1307,f12028
m4361,f10032
m3441,f5174
m1905,f12821
m6722,f7268
m408,f15305
m4491,f3039
m1223,f8321
m5069,f3144
m2407,f128
m5045,f9227
m3567,f12270
m12704,f5499
m11233,f13967
m6864,f4626
m11085,f3542
m12028,f6602
m13433,f10656
m4526,f6158
m17797,f5376
m17002,f1380
m4310,f4276
m554,f18412
m10598,f10351
m8552,f5883
m13307,f17687
m1829,f16337
m8966,f17063
m16319,f2833
m6986,f12051
m13920,f16313
m2181,f9749
m11315,f6997
m2607,f8744
m7861,f14218
m10469,f13623
m12387,f5611
m6121,f7311
m10715,f3023
m1899,f13607
m687,f1870
m3535,f8735
m6965,f2862
m12199,f6522
m17486,f14402
m499,f3593
m11475,f5940
m12225,f1431
m17930,f2274
m18049,f17504
m11786,f6137
m1128,f9434
m10687,f7853
m3063,f5313
m6014,f13574
m413,f9479
m8768,f4931
m2816,f13354
m13523,f2863
m16553,f17930
m18037,f10136
m8569,f1528
m739,f14978
m6058,f3632
m13223,f13077
m9171,f14907
m1906,f9130
m2837,f5964
m2142,f4516
m7241,f16499
m4564,f7739
m12495,f2360
m9699,f9485
m2205,f15670
m6359,f18107
m5354,f18069
m4536,f4004
m9291,f7880
m6632,f15484
m16841,f16660
m17541,f14809
m9678,f16177
m9348,f9692
m5864,f9501
m8192,f17579
m5606,f11049
m9279,f4521
m959,f14901
m11054,f10666
m9698,f9993
m9150,f5842
m5932,f17254
m3867,f10427
m658,f1378
m1715,f1530
m7641,f7734
m4268,f4280
m631,f15091
m4496,f16420
m1061,f17392
m1532,f15146
m2285,f7282
m9628,f10054
m3773,f7264
m6134,f573
m1449,f1372
m3944,f5536
m11973,f1891
m4773,f15407
m6851,f8263
m15077,f11787
m17924,f7413
m6557,f5571
m7902,f10024
m10376,f13862
m17061,f8739
m7984,f8492
m10891,f15456
m2840,f3918
m8942,f11597
m5467,f6659
m1118,f1810
m11971,f2516
m16832,f495
m4867,f17805
m16830,f17045
m14356,f6395
m773,f1888
m56,f13395
m3338,f18198
m10860,f15716
m1108,f3903
m2887,f13046
m5018,f15452
m8298,f930
m8435,f17746
m796,f7817
m7448,f7080
m16143,f5262
m5527,f16152
m1963,f2767
m836,f5746
m4300,f4910
m11314,f11579
m10780,f3889
m2984,f294
m356,f921
m1356,f18398
m979,f3199
m2756,f2427
m962,f4571
m69,f12142
m2296,f14613
m1947,f15701
m714,f13118
m16264,f6903
m9423,f10526
m13902,f6288
m7723,f4784
m4695,f1473
m2525,f2034
m11298,f13730
m2562,f7189
m438,f10166
m7528,f4685
m1768,f11560
m11020,f12995
m1699,f4312
m1046,f13693
m2981,f207
m14333,f9674
m507,f10147
m9183,f782
m3179,f14972
m2579,f18380
m17554,f12949
m3138,f2907
m880,f5011
m3612,f7085
m13180,f7230
m14998,f10881
m15144,f12386
m16767,f11135
m7530,f17121
m12032,f15896
m3013,f2613
m14328,f13733
m12288,f4503
m10423,f13602
m3133,f13207
m4386,f5241
m3609,f12762
m10085,f4043
m3564,f16524
m18438,f4764
m1571,f740
m11513,f18144
m2356,f8755
m2257,f15497
m4363,f13552
m4586,f8872
m8691,f11679
m12318,f2242
m4071,f8760
m16983,f7175
m6735,f4554
m2341,f18087
m16513,f18079
m16922,f10819
m4413,f8501
m2933,f12183
m2447,f5082
m3764,f18092
m1988,f13100
m8285,f624
m12289,f10844
m9938,f1506
m2252,f5307
m4121,f18468
m4635,f9962
m61,f11417
m13634,f869
m13985,f13258
m4599,f17188
m940,f18101
m2913,f12893
m8982,f6038
m18011,f9447
m4166,f12063
m9875,f11447
m14553,f15979
m8146,f2440
m8666,f11598
m11202,f955
m10713,f5275
m4650,f9846
m29,f14353
m12964,f15851
m18211,f10063
m12222,f11988
m11488,f9789
m479,f7299
m5099,f15050
m5008,f16297
m11902,f18404
m16248,f4852
m10532,f1970
m5096,f12934
m2874,f6741
m9411,f10304
m3590,f16577
m4890,f5352
m15591,f817
m13899,f10550
m11042,f7208
m7730,f12275
m10791,f15595
m12234,f4391
m16117,f15478
m1429,f6608
m9473,f3905
m16532,f2458
m9331,f2304
m13229,f8573
m3646,f10118
m14011,f14525
m13936,f4235
m11741,f8
m1924,f10715
m5145,f12889
m2565,f4969
m4236,f15100
m8227,f18224
m13775,f3123
m16916,f14435
m8817,f8894
m17519,f7014
m2419,f4162
m16877,f7190
m9013,f12477
m5814,f17802
m2542,f9865
m625,f714
m16490,f2964
m3307,f579
m18000,f17610
m2065,f9279
m2696,f10607
m16844,f13445
m15126,f211
m4294,f842
m473,f12681
m14995,f15954
m13283,f10440
m15160,f13379
m2175,f9532
m6542,f18338
m3948,f13469
m2450,f14984
m13000,f6489
m10741,f2009
m18109,f13657
m3997,f13508
m8839,f3528
m8001,f11771
m5075,f8524
m12585,f12994
m5794,f5615
m6314,f6673
m4701,f8799
m9618,f18330
m9016,f6056
m4038,f956
m13438,f8125
m2885,f3543
m4738,f894
m9757,f2787
m1420,f10593
m18215,f3246
m12353,f8488
m6659,f9085
m6245,f8975
m16312,f13327
m13525,f13917
m6429,f13491
m9949,f12249
m5759,f1422
m8672,f4476
m1359,f13530
m11558,f11547
m6893,f9551
m2821,f18336
m6987,f4393
m1758,f17943
m2250,f9020
m1748,f5796
m9655,f13250
m14321,f14717
m12788,f17761
m10032,f9179
m2442,f5543
m11192,f12573
m3364,f9012
m12655,f15264
m17833,f17718
m12442,f8533
m5353,f5237
m12,f14055
m3446,f10120
m16236,f14784
m1305,f15101
m1520,f11973
m1478,f15981
m1442,f9832
m8560,f4111
m5153,f18329
m5586,f12749
m1070,f9327
m1394,f2727
m16911,f4019
m14252,f16718
m16393,f6425
m3549,f2340
m6813,f8888
m7427,f14335
m9992,f9716
m5369,f12523
m9239,f14518
m15388,f8011
m4099,f6548
m9951,f4010
m1484,f16691
m13571,f6272
m5948,f18219
m6796,f7346
m6917,f8801
m17140,f14755
m1367,f3656
m17861,f13833
m43,f17001
m18386,f1480
m2389,f10393
m5156,f8920
m8688,f13830
m1360,f4058
m11895,f14505
m3131,f892
m2382,f7845
m13354,f10250
m13134,f7879
m17449,f8444
m11075,f9549
m6940,f521
m9813,f10797
m4859,f16409
m7982,f4922
m8907,f14097
m16994,f12332
m15300,f11229
m11969,f12925
m6186,f2828
m6350,f4403
m1849,f2860
m13929,f15291
m11466,f11101
m7406,f824
m5372,f2933
m17571,f16393
m2325,f4524
m5796,f15395
m3541,f16915
m9065,f18011
m6912,f3592
m5256,f6695
m5664,f15158
m1970,f15132
m5121,f9958
m11408,f8344
m8708,f6561
m8986,f4007
m4278,f13876
m5320,f9599
m9750,f6450
m14602,f10893
m12299,f7973
m1633,f802
m12394,f16907
m5477,f13792
m4189,f4229
m9451,f17928
m10387,f9331
m4661,f1579
m9160,f17649
m8012,f18235
m1275,f10523
m9381,f3044
m5130,f3536
m3122,f9797
m8800,f13069
m2534,f12931
m9147,f11548
m15492,f15448
m12592,f9528
m2938,f1327
m3919,f12155
m1140,f17373
m15030,f17234
m1148,f8453
m6293,f3743
m15251,f13851
m9211,f6938
m2458,f2400
m3496,f4024
m3777,f855
m4277,f4914
m5679,f14660
m6480,f10582
m1228,f1705
m13078,f12666
m4877,f10998
m7277,f8445
m17321,f3175
m16242,f13576
m1380,f1277
m16349,f3901
m2997,f2552
m208,f3716
m5323,f4289
m3318,f17377
m157,f12010
m2452,f11496
m3440,f17249
m16945,f9933
m3160,f4214
m65,f13129
m2140,f12011
m1153,f1485
m4654,f11692
m3765,f11108
m1368,f2803
m2861,f344
m1959,f12283
m329,f15368
m3028,f405
m4123,f1467
m3139,f3438
m177,f5826
m757,f9450
m5973,f10085
m13359,f14444
m1024,f11647
m1695,f11749
m2358,f12198
m4803,f13130
m760,f15683
m14411,f13450
m10540,f12333
m6932,f8898
m121,f476
m918,f4890
m10774,f13024
m4718,f5293
m1431,f3274
m16899,f15115
m5502,f1282
m3432,f167
m2214,f7374
m6841,f397
m14041,f15010
m9268,f4110
m9935,f13230
m5716,f5105
m1547,f16244
m15923,f6277
m2486,f8123
m10742,f2289
m11515,f8965
m9520,f14417
m10348,f4778
m2370,f4035
m2852,f16103
m4138,f16842
m8313,f5037
m16568,f8044
m5092,f8857
m18298,f10669
m8955,f5605
m10240,f11426
m14045,f7882
m9868,f3704
m17018,f11966
m12099,f1667
m5359,f13588
m4387,f7620
m13894,f13937
m13838,f6564
m7506,f15012
m7071,f15663
m8114,f12366
m7160,f1264
m5269,f10053
m4114,f3132
m9298,f7154
m17863,f5527
m17329,f3770
m5217,f13000
m9475,f17590
m10681,f3630
m7217,f15587
m8687,f17549
m12300,f10623
m1142,f7467
m17771,f1428
m13430,f12997
m12726,f17410
m6664,f6845
m11262,f1604
m12890,f16576
m10787,f6197
m464,f18163
m1378,f16786
m2814,f18331
m6428,f12489
m6012,f9206
m1965,f11681
m7909,f4197
m5766,f376
m10506,f12603
m2329,f7883
m9094,f17844
m1527,f6008
m9904,f7900
m4769,f17957
m3157,f9629
m9766,f16126
m13007,f11262
m16539,f17210
m8468,f2366
m276,f10439
m1569,f17989
m7335,f15885
m7614,f15325
m10893,f6194
m8400,f16924
m2278,f14263
m7653,f3017
m12195,f3829
m14940,f12161
m16247,f14225
m2739,f5159
m2653,f15969
m118,f13685
m3188,f346
m18273,f13284
m7104,f2238
m9055,f4188
m113,f10462
m14697,f8265
m5385,f6953
m10144,f8569
m10571,f14956
m9031,f5103
m8533,f17290
m18259,f9373
m6204,f8139
m11640,f10971
m9971,f1860
m3934,f3034
m7093,f4200
m9529,f7744
m7352,f1936
m7083,f9835
m10631,f14541
m12968,f1183
m17156,f2437
m16972,f535
m12332,f8596
m11136,f4488
m9431,f9554
m1300,f968
m5822,f15126
m868,f17388
m2740,f16661
m5696,f5143
m13289,f2142
m17088,f5753
m3570,f1518
m9656,f14707
m7459,f3083
m2115,f5735
m17823,f6119
m9659,f16663
m2463,f15580
m1295,f9088
m16471,f6120
m1113,f3211
m7672,f1539
m17143,f485
m12440,f6216
m1723,f18045
m1780,f18266
m9767,f9881
m5246,f10663
m6367,f17697
m8319,f5173
m16506,f1750
m12611,f8878
m4136,f9016
m4575,f16638
m1493,f15983
m2261,f9695
m2635,f7335
m17060,f16956
m6118,f12518
m2290,f2807
m5725,f15742
m16978,f5610
m11775,f16426
m1306,f11719
m2253,f16095
m6683,f18081
m4506,f12274
m6426,f11437
m1455,f14719
m17224,f875
m17528,f16266
m17372,f11233
m2417,f317
m17189,f12068
m829,f5056
m17907,f9248
m2754,f6551
m616,f5621
m6994,f5912
m7048,f7419
m17556,f1369
m14355,f11893
m9074,f3572
m16241,f12192
m1559,f10333
m1439,f6256
m17274,f12121
m927,f2060
m3592,f209
m2559,f8354
m4581,f5156
m10688,f4827
m2162,f7134
m6377,f16385
m10970,f13871
m8742,f7760
m10949,f112
m3231,f6292
m2495,f8664
m2037,f2221
m4454,f8169
m8994,f7321
m13881,f16383
m4845,f796
m11628,f15656
m5332,f7144
m743,f941
m3676,f3841
m14715,f17694
m1725,f9446
m10206,f6284
m16444,f4584
m1871,f10243
m7843,f15655
m5161,f6814
m8389,f5261
m705,f9525
m5178,f14735
m11679,f16455
m17376,f9623
m16200,f8604
m7686,f2805
m12006,f1411
m3193,f5189
m18226,f12780
m6490,f404
m9751,f5140
m1789,f10933
m9968,f897
m5963,f2239
m2108,f3625
m3644,f15150
m5783,f8868
m843,f6482
m1875,f2523
m16379,f17600
m2281,f13457
m9116,f12959
m12852,f8957
m6366,f13209
m5925,f12358
m4906,f15431
m10122,f13309
m9631,f984
m9915,f5672
m9688,f16046
m7681,f13572
m16168,f10962
m16166,f6699
m11388,f17079
m16370,f8171
m12156,f5240
m13330,f16328
m9496,f3392
m11695,f12131
m17654,f14903
m11855,f9201
m3116,f8083
m16856,f4171
m11870,f9538
m12658,f14095
m4118,f8075
m10405,f13373
m14444,f13103
m17615,f11623
m5584,f10667
m3255,f12461
m2273,f4381
m2016,f8394
m10944,f5279
m9885,f4107
m14545,f7032
m8162,f16760
m3924,f10406
m6772,f7508
m11386,f9030
m8445,f184
m7447,f3637
m406,f5547
m2105,f292
m6925,f14831
m1208,f14051
m1617,f2943
m13522,f1688
m4297,f2473
m904,f3509
m17804,f8025
m8258,f2297
m5494,f6493
m3501,f12575
m4684,f6208
m17989,f881
m14901,f3423
m16864,f12078
m3466,f5254
m734,f15219
m13132,f14893
m12623,f8343
m1854,f12903
m8275,f865
m6688,f10965
m14722,f15143
m7679,f17115
m5416,f3982
m1454,f11349
m4093,f8606
m10684,f13568
m211,f1737
m16631,f2271
m17810,f9238
m8041,f14501
m5798,f11843
m2051,f13789
m12604,f9466
m12426,f9998
m11037,f7221
m5233,f1793
m6399,f9259
m9425,f9795
m4409,f470
m6372,f17344
m2586,f10475
m12849,f1439
m8391,f4477
m9509,f4736
m8885,f224
m18,f11220
m2552,f14691
m12767,f18464
m1574,f2565
m13339,f2779
m4827,f17551
m5105,f16440
m4461,f13304
m17394,f16118
m2774,f17131
m11559,f2343
m9226,f11076
m2165,f15966
m11668,f8229
m4305,f13553
m8438,f14932
m11417,f4932
m12648,f3537
m10126,f7762
m7329,f1267
m12801,f469
m674,f12423
m1601,f17490
m2757,f11967
m4332,f6178
m9798,f12910
m5601,f9031
m9075,f113
m12184,f2713
m8608,f12421
m7219,f15107
m1808,f15507
m17087,f1720
m4970,f5955
m2518,f17070
m1121,f79
m883,f17192
m1232,f10001
m5739,f18432
m8915,f14497
m5988,f7116
m5953,f17334
m10533,f16938
m16897,f6610
m4335,f3953
m3383,f18418
m3125,f6823
m5569,f7676
m5466,f14193
m12428,f4757
m10912,f13926
m7969,f994
m7747,f3809
m348,f10041
m10033,f2224
m18137,f4445
m13665,f18507
m7082,f12284
m5731,f1950
m12036,f2272
m18148,f15414
m15040,f7724
m16626,f14212
m18002,f4378
m17503,f185
m7301,f965
m10857,f17650
m6069,f14216
m9780,f16027
m1894,f4208
m7372,f532
m475,f17582
m9999,f12733
m6961,f13823
m13133,f15765
m13298,f6059
m2833,f6534
m17370,f4881
m578,f6150
m10470,f11306
m10752,f11722
m2666,f190
m4926,f2745
m13517,f16225
m9195,f6645
m1545,f9286
m1653,f9365
m2202,f10983
m2693,f12860
m6042,f13902
m338,f6016
m6104,f15242
m6234,f16350
m11185,f17385
m13824,f2029
m1503,f13898
m5173,f17165
m1141,f12977
m1146,f16819
m3874,f284
m5726,f12723
m10632,f5406
m9787,f12169
m2010,f12390
m258,f7930
m1711,f9320
m16400,f9569
m5335,f7561
m5329,f7551
m14955,f11143
m10994,f13913
m14391,f15803
m1120,f8545
m1444,f14445
m5436,f3688
m5091,f12199
m3024,f5435
m7739,f14443
m4127,f1956
m8279,f12416
m3528,f7951
m912,f11910
m2710,f13041
m11324,f3
m1219,f57
m2583,f2411
m14237,f2966
m594,f11178
m238,f15613
m2398,f15641
m8467,f7426
m3424,f12611
m6457,f16679
m10913,f9531
m4899,f13205
m2035,f15965
m13347,f7244
m3553,f2820
m1510,f8973
m8409,f8415
m12067,f9521
m8088,f10974
m5453,f2088
m2985,f4526
m13743,f16284
m18265,f3551
m9642,f321
m8221,f7991
m9790,f9971
m1726,f11171
m7526,f12439
m17597,f13242
m1317,f6965
m16251,f11563
m4799,f16429
m5183,f7838
m4021,f5086
m8880,f1663
m13233,f15136
m7560,f14999
m910,f728
m3839,f17322
m926,f15031
m3420,f2390
m5768,f14846
m11447,f8968
m9453,f399
m1772,f1834
m2804,f6074
m7879,f8923
m2797,f14192
m7721,f791
m1060,f4563
m1818,f13875
m9568,f15169
m12130,f9170
m3641,f4495
m14230,f15224
m7200,f11046
m8947,f1148
m10923,f1857
m2603,f3397
m7279,f9809
m8854,f4357
m2336,f17179
m17562,f17644
m1759,f14452
m13239,f15315
m6525,f10100
m8941,f17773
m876,f6048
m12939,f18149
m5081,f3117
m11819,f12577
m9958,f17569
m2263,f4015
m8863,f5323
m16321,f1941
m17403,f10138
m1548,f16790
m11195,f7702
m16345,f9896
m17801,f631
m8543,f10109
m17979,f8218
m1764,f3741
m2763,f17695
m10266,f4833
m6799,f9808
m5980,f9522
m12977,f15409
m12444,f2475
m10170,f6546
m4832,f10574
m12517,f7904
m3119,f9977
m11092,f15775
m4522,f18157
m6325,f10379
m17687,f1234
m7787,f17532
m16146,f12168
m8796,f11237
m9251,f11767
m4052,f8700
m487,f14340
m2476,f3098
m10767,f4138
m5752,f974
m4534,f17460
m6130,f6261
m18413,f5425
m1667,f16725
m3478,f12056
m13049,f970
m18201,f14514
m9645,f7002
m14485,f12879
m5657,f5776
m16470,f6961
m9539,f18096
m17558,f6422
m8466,f6202
m13094,f5373
m7951,f10107
m6663,f1704
m8604,f10779
m681,f3431
m7645,f11661
m9373,f4141
m17676,f14219
m11495,f3589
m758,f7459
m12912,f1366
m2540,f16353
m4938,f13278
m1214,f1915
m17198,f2264
m419,f1118
m16826,f3824
m1187,f17461
m13990,f4348
m8125,f8153
m7469,f7325
m47,f14623
m2520,f6002
m8827,f1131
m6872,f16371
m2116,f8715
m7173,f7834
m6483,f8494
m7567,f15292
m7941,f16764
m4416,f2001
m4537,f961
m9260,f12901
m13349,f2406
m498,f11758
m11010,f3102
m5235,f9394
m2197,f11342
m3007,f2083
m5975,f682
m2224,f2622
m14902,f7857
m11321,f11872
m9082,f8810
m4073,f11334
m3082,f5965
m10778,f15832
m17068,f5485
m1161,f12558
m7001,f5094
m11826,f7199
m10051,f818
m16955,f765
m2079,f15433
m901,f1481
m11171,f18411
m3593,f3524
m14811,f12265
m11993,f16280
m999,f5066
m2020,f3518
m13013,f7941
m2231,f12840
m3185,f5727
m905,f4569
m2446,f12532
m295,f11134
m4211,f1349
m7573,f17136
m2489,f16076
m8929,f8696
m2453,f18202
m1114,f9568
m32,f16531
m1206,f7948
m3694,f3911
m562,f4802
m1338,f13489
m17575,f18524
m642,f14976
m1469,f2398
m152,f7084
m1743,f11790
m2747,f15532
m5544,f15563
m11210,f16533
m5327,f12545
m12984,f13026
m10458,f11952
m2466,f2419
m7540,f2019
m15189,f2671
m2979,f8056
m1680,f10531
m6443,f11873
m11508,f10228
m3310,f9509
m3598,f771
m10597,f2422
m2823,f9117
m3117,f13333
m2681,f13976
m3495,f17029
m1593,f17891
m2517,f3008
m7709,f8422
m2293,f4639
m296,f5100
m3709,f6930
m2684,f8713
m1481,f8474
m6251,f18171
m3819,f5408
m741,f844
m2838,f12937
m6522,f949
m4057,f2138
m1072,f7469
m986,f8772
m900,f9891
m6082,f11039
m3276,f15685
m12938,f12945
m17399,f17349
m16823,f14194
m5286,f16527
m6156,f17936
m4066,f3487
m6300,f16304
m5637,f10367
m11338,f13681
m2987,f11052
m7915,f11975
m5573,f18364
m2775,f11261
m3757,f8237
m1612,f1771
m11960,f18167
m6649,f1276
m3156,f10826
m5223,f15113
m3302,f11016
m3020,f1930
m16261,f6159
m13056,f17423
m9061,f5561
m15253,f18251
m12747,f7927
m7936,f400
m16902,f16466
m14720,f11499
m3504,f9505
m639,f9678
m4759,f17960
m4408,f14595
m8729,f1659
m16982,f5969
m2499,f6996
m8609,f6624
m5362,f5781
m10337,f52
m4060,f15868
m13466,f13093
m1304,f4779
m10328,f2506
m8833,f2628
m8314,f2469
m18205,f15505
m5580,f795
m3057,f28
m9995,f5276
m3614,f947
m11959,f5459
m16924,f17117
m17055,f13535
m9165,f13277
m2497,f17771
m270,f3359
m2990,f10413
m16377,f17922
m7218,f10842
m14224,f12601
m5957,f4547
m12499,f14561
m5512,f15061
m943,f8213
m2300,f6858
m5128,f20
m3913,f9776
m3666,f53
m6552,f8956
m5457,f936
m5374,f4555
m17793,f1182
m1069,f7018
m11152,f10293
m10686,f2104
m11288,f10257
m13976,f635
m12064,f11480
m8840,f1979
m12399,f12662
m12467,f3674
m14449,f3805
m1531,f14310
m11432,f13960
m2259,f15099
m206,f11699
m818,f15473
m5351,f9395
m4840,f10004
m11235,f8489
m2185,f3690
m1552,f13440
m2851,f16123
m2033,f10418
m5563,f14946
m9164,f12988
m8060,f12480
m12433,f5670
m16463,f17376
m8253,f4427
m12563,f14058
m7634,f16818
m1443,f9502
m6381,f4733
m8194,f5794
m11445,f6729
m8591,f5799
m10102,f4795
m18495,f2136
m3218,f17535
m7639,f5106
m9763,f16382
m1392,f11775
m2698,f12202
m5402,f9050
m17375,f1280
m6097,f3177
m3104,f3203
m1842,f11115
m18090,f17699
m2670,f13759
m14379,f4139
m646,f2853
m9034,f12134
m5536,f16229
m7344,f5259
m16592,f7316
m16505,f10559
m3009,f14548
m2040,f10415
m8938,f13499
m673,f10743
m17008,f2278
m2423,f14056
m7309,f16292
m1087,f1441
m8592,f10447
m5960,f10387
m4026,f12899
m2914,f12638
m8098,f14720
m5887,f16239
m17618,f6129
m16001,f14303
m12290,f4953
m9779,f18271
m9145,f18211
m5785,f10205
m17927,f8836
m2644,f11631
m4905,f17401
m8002,f12246
m4337,f15785
m8694,f1996
m2487,f9754
m15158,f4356
m9,f2584
m11461,f14843
m7074,f6797
m8058,f4788
m7197,f18184
m4301,f7487
m8494,f17387
m3809,f10537
m1579,f17513
m1068,f1700
m656,f1954
m1909,f13406
m9120,f11304
m2218,f5439
m10089,f17435
m10453,f18154
m11680,f15621
m15661,f16627
m4109,f5131
m2372,f5084
m3845,f7444
m3673,f9304
m1528,f12967
m9640,f549
m596,f4876
m1837,f9909
m13738,f9999
m6670,f13381
m946,f14593
m14263,f14598
m6529,f12300
m6479,f5163
m10596,f17935
m2788,f1682
m3005,f7854
m9151,f16744
m15601,f17338
m14968,f12781
m12121,f7726
m6922,f5053
m9000,f5849
m3442,f8970
m18065,f12049
m7450,f3753
m3982,f732
m4851,f8314
m3608,f9611
m13633,f5203
m8505,f15844
m11577,f13441
m5262,f14295
m899,f12319
m11480,f16834
m603,f7679
m10015,f16099
m17032,f4355
m6901,f13867
m6170,f18433
m947,f8082
m13318,f3950
m1663,f6964
m9665,f8628
m5395,f5880
m7380,f13331
m7504,f5709
m1705,f10033
m3339,f671
m9103,f2317
m10222,f12885
m1997,f10543
m13334,f9195
m5853,f15818
m2983,f17676
m8398,f12000
m292,f17757
m10385,f15574
m11703,f11529
m8703,f5806
m9321,f7215
m2573,f6955
m5615,f14657
m4241,f8859
m7165,f2191
m2811,f2698
m8875,f1640
m12013,f5698
m13694,f7243
m2422,f7828
m10920,f4994
m4958,f2146
m10093,f9785
m8351,f12171
m2157,f12067
m8074,f17682
m2824,f10081
m1550,f17154
m8232,f14133
m17583,f13997
m10166,f7309
m10643,f16600
m17523,f4948
m14826,f10307
m7212,f5951
m14708,f12444
m735,f5466
m1747,f12066
m1756,f6204
m12568,f1200
m2471,f10347
m11218,f14971
m5579,f8536
m11328,f873
m3995,f13067
m4622,f3237
m16850,f4134
m5730,f10552
m17720,f7860
m14966,f746
m2830,f15192
m3003,f9482
m6307,f5260
m7949,f14047
m5030,f15533
m5799,f235
m9630,f2429
m2892,f3463
m1624,f8062
m1665,f1715
m5666,f10541
m2193,f7810
m2782,f6405
m13669,f9527
m16791,f6556
m1083,f7826
m1754,f7132
m10462,f17755
m2034,f1991
m852,f8450
m1205,f9781
m16254,f7623
m5970,f10277
m1694,f747
m17056,f176
m3173,f2336
m1272,f5291
m632,f9886
m1541,f13690
m15243,f15077
m6580,f17153
m17343,f1143
m12075,f2818
m1660,f5885
m2059,f5864
m1066,f1056
m12677,f18426
m2347,f7238
m6747,f8258
m4117,f10671
m16829,f15875
m17065,f7037
m4078,f17739
m6458,f13088
m11397,f1923
m7446,f13087
m16167,f9732
m7464,f3222
m7964,f10093
m16950,f11847
m1147,f11186
m1029,f8240
m2348,f14424
m1885,f383
m16670,f4694
m5024,f6198
m1343,f5945
m17028,f2423
m10135,f570
m12477,f8438
m2864,f466
m3868,f3533
m8300,f17722
m9376,f9097
m5222,f11936
m4007,f16913
m2845,f7769
m16468,f16495
m3396,f16436
m15285,f6303
m6589,f11703
m8935,f11849
m3664,f17112
m5700,f14381
m16815,f11900
m4767,f14306
m3363,f15606
m18114,f12594
m1605,f10042
m5143,f15636
m9658,f15907
m8067,f13002
m7472,f12524
m8032,f2956
m4959,f17140
m11354,f14369
m4283,f9951
m5461,f11830
m6181,f15511
m14025,f5973
m9972,f11339
m9716,f7399
m16418,f9953
m3333,f8014
m9486,f5365
m2271,f5809
m10577,f12896
m13677,f4631
m7157,f18408
m5884,f693
m9929,f16028
m4122,f12226
m5184,f304
m1891,f5595
m5073,f523
m8734,f1666
m8111,f4404
m6485,f14422
m5361,f784
m6870,f11714
m17268,f17828
m9144,f3771
m1881,f11659
m4788,f8150
m11132,f10040
m2843,f683
m3236,f7277
m1199,f17283
m2180,f1312
m4204,f1444
m2921,f2910
m3232,f5333
m2813,f6460
m9040,f7574
m3194,f9389
m16650,f738
m2328,f15380
m12202,f8217
m6836,f16817
m2179,f11875
m4234,f7308
m8578,f9418
m10299,f13376
m14051,f15982
m11984,f15908
m8047,f11919
m6786,f1874
m7015,f16260
m5839,f5322
m4685,f5300
m9276,f1544
m987,f16926
m1890,f2950
m3227,f2823
m6248,f3605
m2582,f2
m1135,f8662
m1238,f15498
m3558,f15289
m5564,f465
m2606,f17555
m5308,f16390
m8922,f605
m6678,f14265
m10202,f2525
m1033,f11593
m3745,f16318
m6755,f1627
m516,f15795
m3352,f4964
m12547,f2939
m18003,f16305
m11951,f16647
m9176,f5187
m3633,f17566
m5791,f12927
m8851,f13467
m7776,f5555
m12160,f1153
m13792,f5635
m15567,f757
m1211,f1455
m10433,f1049
m1616,f16570
m5016,f13825
m7519,f11624
m8961,f5496
m3465,f8008
m12412,f3165
m5944,f14081
m2786,f3168
m11048,f16485
m15960,f10625
m13535,f16262
m2521,f5519
m6699,f12257
m5247,f3591
m2637,f10148
m1913,f12549
m17046,f4399
m1689,f10268
m15780,f9400
m5057,f11157
m2541,f5728
m5640,f348
m1739,f8843
m4546,f15529
m4683,f17527
m3021,f15562
m1432,f227
m5085,f16836
m7923,f7575
m3578,f4335
m18300,f6939
m2334,f4690
m1727,f1248
m1006,f1334
m3374,f2481
m5478,f7498
m8996,f7781
m5417,f10088
m10303,f16108
m8063,f13451
m13770,f8993
m1716,f3970
m10104,f9296
m2070,f4467
m5484,f4349
m5044,f1024
m5252,f6171
m6787,f18066
m7803,f7863
m5821,f16759
m14206,f10670
m2928,f3669
m2543,f6611
m1790,f8378
m3647,f1988
m854,f4462
m5905,f15171
m3330,f17559
m9844,f14543
m10264,f4601
m8865,f10660
m1814,f3013
m3095,f7512
m11925,f10210
m3892,f10915
m751,f8105
m2930,f11518
m2723,f2783
m15867,f16277
m13064,f5324
m6397,f8765
m7036,f10303
m14056,f5873
m1991,f14602
m14536,f10338
m5979,f1978
m4333,f8777
m10738,f8572
m17611,f9541
m10052,f10940
m17811,f9638
m8321,f16782
m6920,f8230
m12551,f6639
m6553,f11377
m17424,f15899
m16407,f6484
m11501,f1734
m1654,f11102
m1450,f17887
m847,f17899
m17271,f1310
m1401,f2111
m2317,f17794
m100,f16086
m339,f5747
m7978,f9575
m9611,f203
m4328,f2162
m1191,f5334
m1728,f11707
m8981,f659
m17053,f2022
m6226,f17841
m12126,f9672
m5597,f3091
m2478,f5923
m8366,f8296
m2429,f11444
m13367,f2195
m10284,f15776
m9901,f119
m4973,f8875
m9200,f4057
m5871,f7407
m7423,f17141
m4155,f3561
m17631,f14250
m13957,f1026
m8892,f9819
m6336,f10417
m14781,f17867
m16340,f328
m3124,f2664
m2401,f14074
m9038,f12739
m13839,f8372
m723,f3787
m5823,f17292
m7591,f18008
m7729,f18463
m5616,f4126
m8069,f8221
m8920,f17875
m11806,f15737
m4863,f10990
m1192,f16060
m13855,f14554
m5031,f3066
m5129,f2052
m6190,f6850
m939,f17127
m5856,f1258
m13135,f8122
m2625,f9465
m14522,f15346
m2396,f15599
m17735,f16726
m4983,f16773
m9945,f10931
m14199,f1910
m2217,f5741
m2594,f9780
m16111,f8603
m13995,f17526
m15087,f18193
m7965,f2955
m1261,f6926
m15351,f3959
m3235,f3919
m718,f2046
m716,f5715
m203,f7555
m12451,f7610
m8829,f14616
m14088,f4691
m2572,f15365
m3846,f2031
m3976,f6705
m7746,f12015
m1866,f3455
m18516,f11295
m4067,f8863
m10799,f10654
m16283,f17811
m5715,f15855
m10904,f10885
m11486,f10071
m8974,f1388
m3779,f4046
m4917,f976
m2081,f12560
m13854,f8499
m2593,f18461
m35,f13360
m5780,f5502
m5830,f2693
m12718,f1040
m3929,f15003
m6652,f7786
m1600,f7955
m2483,f1032
m7206,f4809
m3447,f16973
m8516,f4869
m14904,f3293
m12430,f2925
m7816,f6835
m9487,f3514
m5551,f15324
m2477,f7169
m5003,f10069
m6158,f17347
m10313,f6365
m11440,f15538
m3034,f3255
m7893,f1146
m8346,f1895
m3203,f11167
m3538,f13235
m2642,f2075
m2957,f7684
m6509,f3028
m5815,f4234
m5001,f16215
m15863,f8555
m18034,f8699
m1575,f9794
m3844,f5517
m539,f15626
m1260,f6346
m1344,f3250
m11039,f4578
m1209,f5287
m4208,f10382
m2749,f12499
m6885,f13987
m4598,f14075
m9264,f5003
m602,f13113
m1564,f9646
m14969,f4202
m8269,f15413
m6451,f3014
m4878,f15359
m7562,f2175
m13886,f1333
m17026,f16453
m15159,f17465
m9878,f11439
m3411,f4119
m2472,f159
m2550,f6250
m7578,f7525
m4190,f2841
m1863,f15079
m17307,f1975
m17626,f18299
m2022,f13033
m2846,f10608
m4165,f7765
m2025,f5669
m5942,f5567
m8879,f4525
m3121,f12253
m7712,f1382
m5955,f15369
m2282,f506
m5832,f853
m6984,f14426
m4162,f16525
m16786,f13537
m2596,f5411
m3987,f6896
m4613,f3269
m2789,f2655
m6338,f3695
m8603,f9011
m136,f10888
m16036,f16997
m3547,f17525
m15528,f14112
m7103,f2778
m12141,f1807
m12251,f10966
m1610,f1204
m6738,f11891
m8675,f15910
m6650,f13092
m7195,f1536
m11238,f9208
m14580,f13307
m6133,f3375
m14621,f6781
m14214,f2536
m16581,f6023
m1839,f16261
m7743,f8118
m8927,f8144
m3636,f11927
m15990,f8432
m2859,f9563
m4556,f14344
m214,f15646
m12423,f2245
m16096,f2434
m10946,f17817
m4446,f9719
m13476,f8874
m12464,f6479
m5971,f6506
m58,f6861
m4819,f3502
m1152,f11337
m4291,f14183
m4377,f2053
m5302,f3054
m6378,f4558
m15066,f6857
m3703,f17872
m1011,f16124
m822,f12913
m3002,f17640
m18465,f4699
m2853,f13302
m3857,f4622
m5146,f15052
m10555,f9707
m2733,f9913
m13880,f6133
m11811,f3798
m8816,f5872
m1895,f16438
m4094,f18061
m6425,f13591
m3625,f1414
m18355,f6545
m4019,f10838
m1144,f691
m13731,f3992
m16561,f4803
m11427,f297
m7576,f4324
m3828,f10693
m16279,f7926
m6088,f7246
m1163,f776
m16957,f987
m2467,f2811
m12513,f3708
m18508,f3807
m1077,f5657
m11821,f4875
m6276,f8771
m4737,f10786
m13248,f14672
m4412,f12488
m427,f16019
m792,f15674
m8091,f13477
m2910,f4338
m16993,f1723
m4146,f7019
m13921,f11238
m3476,f16740
m1724,f14811
m14435,f10233
m17151,f319
m1325,f1935
m382,f162
m8278,f12313
m3251,f12639
m11517,f15332
m15794,f11559
m6024,f8135
m2657,f1077
m13776,f10897
m5888,f4078
m8028,f4878
m2414,f16359
m2950,f4259
m12559,f15463
m1150,f3931
m1289,f7933
m7574,f16463
m5076,f13195
m589,f11453
m10155,f6785
m1847,f5985
m923,f2603
m15865,f2636
m13236,f5398
m10550,f8615
m5114,f749
m11438,f2186
m12327,f13892
m2510,f17813
m4147,f3367
m5084,f12944
m827,f3989
m3933,f15098
m18498,f5810
m15318,f5734
m3349,f14694
m8416,f1068
m6540,f4783
m16947,f9349
m13016,f14229
m8501,f3763
m3309,f2065
m1430,f9243
m321,f10199
m4629,f2430
m14688,f9988
m8317,f2134
m1021,f12408
m2858,f7539
m12510,f8249
m2501,f14629
m12758,f15285
m1845,f14892
m3552,f17243
m210,f3937
m17310,f7831
m13171,f3336
m815,f11139
m877,f12100
m10209,f4272
m2223,f10159
m6127,f18001
m16759,f3499
m8442,f665
m2169,f17429
m4205,f15411
m18015,f9861
m2575,f12321
m6669,f16983
m15809,f17804
m6382,f14072
m1737,f1232
m838,f17548
m8160,f16866
m3662,f10467
m2526,f7531
m6348,f7596
m1697,f2214
m4156,f1332
m3951,f11585
m3737,f7800
m395,f7925
m4036,f9595
m1704,f14648
m12609,f17250
m250,f16541
m4957,f8753
m4557,f1201
m160,f17667
m1851,f15700
m6039,f12291
m18230,f10627
m139,f16120
m2383,f8485
m1462,f2697
m15636,f12397
m14935,f8477
m17019,f5587
m14971,f4538
m15203,f8483
m12613,f9574
m941,f7802
m14644,f2096
m14399,f18369
m15493,f7495
m15201,f15363
m18182,f14188
m15704,f8285
m18181,f15520
m15134,f7994
m14709,f2598
m17778,f16993
m12201,f5910
m14283,f16291
m18346,f8064
m18326,f6867
m15634,f5341
m15016,f16287
m16040,f4248
m14309,f4720
m15610,f14859
m15421,f9002
m15897,f9406
m6403,f18241
m6284,f13050
m15365,f5986
m15933,f7482
m7263,f10182
m12410,f12766
m16044,f7439
m15864,f14030
m15058,f10684
m15812,f4645
m15563,f18368
m14890,f6694
m15854,f2181
m15540,f13527
m15324,f10752
m14997,f13855
m10974,f1822
m15730,f3929
m15272,f1989
m18325,f4468
m12446,f16038
m15356,f1770
m14759,f13890
m10366,f8108
m11824,f9799
m13727,f334
m17270,f16005
m15513,f17905
m15071,f2574
m18339,f4697
m16783,f13963
m15247,f1325
m15269,f1965
m15175,f3467
m15475,f14009
m16810,f4175
m16699,f285
m4082,f2735
m15014,f1301
m15988,f2987
m18332,f13629
m15514,f3511
m14171,f2514
m16022,f14786
m16060,f17454
m15674,f569
m15268,f2558
m14632,f6634
m21,f6408
m15838,f8659
m15226,f9124
m14409,f2761
m18304,f12035
m14349,f16595
m14958,f11751
m15765,f1719
m15452,f10703
m7485,f14589
m11770,f15995
m14057,f3856
m16078,f4657
m15170,f16750
m18364,f2291
m15937,f7573
m15465,f9752
m14973,f3087
m16782,f14967
m14026,f9561
m16210,f14421
m15005,f1195
m15288,f3194
m14830,f8890
m14213,f14368
m7767,f18431
m15177,f2758
m7618,f6091
m16159,f17155
m14281,f10495
m12945,f1186
m15600,f9273
m15084,f4100
m15237,f5828
m15819,f2260
m8769,f11806
m14932,f9278
m4754,f11420
m8934,f15287
m14576,f10989
m15921,f14850
m16741,f16685
m13994,f7039
m15180,f9851
m5827,f6813
m6482,f16758
m15185,f5208
m14012,f1211
m14680,f10763
m13149,f14768
m14933,f3089
m16800,f1828
m17353,f1323
m18450,f2904
m15121,f16687
m13622,f15210
m15889,f15522
m15665,f15354
m15049,f12156
m14607,f14001
m15196,f17106
m15261,f1345
m5974,f5271
m15057,f4712
m15223,f16840
m13328,f10673
m14477,f9270
m14168,f17150
m246,f11641
m12994,f15629
m14386,f16684
m12131,f9166
m14700,f1990
m15805,f18114
m16212,f4776
m7780,f7166
m8617,f4423
m7443,f13097
m14989,f13673
m5181,f17477
m14445,f15240
m15857,f1776
m12486,f1295
m15535,f1985
m14659,f1560
m12918,f10012
m15602,f1421
m16751,f1960
m11498,f1957
m18484,f17910
m15130,f11947
m15791,f2732
m18128,f5592
m12124,f14191
m16755,f5057
m17396,f14780
m9606,f237
m13310,f832
m5760,f12668
m15779,f16659
m18523,f13716
m15353,f12960
m7401,f18319
m4951,f7262
m16152,f4559
m16039,f1615
m14818,f4743
m15105,f11577
m14504,f7076
m15059,f2650
m16752,f17481
m14766,f13031
m15572,f5335
m10591,f2310
m18368,f16233
m13942,f10478
m17263,f13215
m16130,f16370
m15369,f11754
m13800,f15083
m15544,f16554
m12738,f12850
m15653,f17055
m15041,f2049
m15612,f10758
m15308,f2548
m14988,f9172
m14408,f10992
m15974,f14304
m13811,f10934
m15249,f6035
m16074,f14450
m6379,f15930
m11866,f18324
m18469,f4647
m16067,f9580
m14555,f14960
m14123,f6211
m15479,f16135
m16097,f10756
m13974,f3302
m13805,f12680
m14177,f15711
m17387,f13718
m3810,f5651
m15583,f1487
m11500,f270
m13643,f11982
m16030,f6461
m16801,f7516
m15106,f16643
m15871,f11644
m15931,f7565
m15720,f16587
m15659,f14776
m14705,f3615
m15183,f15996
m14437,f13543
m16005,f7791
m18164,f8464
m14064,f12351
m16685,f2050
m18173,f14592
m2770,f17259
m15440,f12548
m11520,f5002
m13740,f4366
m15807,f1466
m13025,f6651
m4996,f8828
m14983,f6135
m14931,f5714
m18507,f2381
m16802,f5356
m17258,f10696
m5149,f16004
m17662,f12197
m27,f10757
m15635,f8465
m6676,f11550
m8952,f7041
m16618,f3862
m18134,f16290
m15573,f10358
m15777,f16068
m16000,f2777
m16129,f769
m18462,f17921
m17034,f9275
m15461,f15680
m6899,f15251
m13449,f12958
m15503,f15684
m18426,f15558
m15750,f2438
m14864,f11158
m14183,f17298
m14426,f2376
m14202,f5437
m10030,f1814
m14539,f4772
m15662,f12856
m16742,f3307
m6076,f2762
m16226,f230
m13688,f5347
m14260,f775
m9152,f5339
m13501,f4270
m6555,f14469
m15668,f7443
m15517,f15682
m16946,f1818
m14938,f3000
m17469,f7748
m18446,f18240
m15208,f3195
m17539,f8055
m18310,f11368
m15813,f16563
m12298,f1811
m15329,f15288
m663,f4006
m15774,f4698
m14191,f13398
m14736,f2556
m13400,f14311
m16697,f9680
m5148,f9111
m16744,f9440
m13701,f13983
m18402,f1173
m505,f13780
m9054,f2137
m15885,f15162
m15468,f16574
m13749,f15032
m15640,f5130
m16648,f5154
m15125,f15725
m10554,f3697
m14789,f1708
m14642,f17561
m7139,f5083
m17756,f13040
m18337,f11942
m17298,f16548
m5022,f14945
m4015,f9936
m15222,f4761
m14534,f15605
m15772,f14679
m15818,f16708
m13662,f14688
m15770,f14968
m13744,f6976
m15487,f10772
m15977,f1344
m15717,f5739
m16682,f17890
m14581,f15642
m15983,f14774
m15519,f6441
m18306,f1815
m15936,f16444
m14950,f11315
m9769,f10186
m6008,f8206
m15330,f11738
m16430,f5228
m17545,f17999
m15496,f10274
m15979,f10493
m8615,f4916
m14417,f8541
m18457,f14367
m10706,f3622
m16326,f11289
m16746,f745
m15044,f16366
m15113,f9592
m18313,f6918
m15184,f848
m10689,f14293
m15829,f9277
m13938,f9120
m14494,f10884
m16730,f9679
m15510,f14005
m14256,f2048
m12650,f243
m14695,f846
m11909,f8054
m14595,f9003
m18203,f910
m14637,f10832
m14922,f14122
m15565,f7254
m16021,f16088
m7407,f856
m13420,f6801
m18347,f7546
m15883,f11425
m15728,f14015
m15836,f14771
m16733,f4868
m13746,f12157
m18225,f3214
m12578,f2969
m9071,f3118
m15861,f7783
m16825,f5139
m16749,f11223
m13858,f3808
m14350,f2227
m1485,f15515
m15271,f4773
m12809,f13165
m15309,f10766
m4994,f15637
m15454,f10726
m6340,f1972
m15233,f18291
m14312,f2901
m8577,f14669
m18286,f13938
m15526,f12946
m15953,f11270
m15722,f13933
m16363,f15352
m18314,f13838
m15852,f9784
m15076,f8092
m15816,f9274
m16109,f4787
m10848,f5284
m6944,f2635
m3523,f16073
m6985,f10859
m12712,f14073
m13483,f13448
m18247,f12719
m15537,f7294
m16666,f4696
m18246,f11216
m14173,f3190
m15470,f5990
m15122,f5979
m13908,f4182
m14655,f7939
m15221,f16704
m13680,f13907
m13524,f9147
m492,f7517
m3561,f1337
m15930,f2654
m14959,f8701
m15846,f10767
m14850,f5142
m14640,f860
m13611,f15277
m14623,f15026
m14257,f1871
m14475,f12136
m12235,f5500
m16796,f9666
m16391,f565
m15500,f11746
m17098,f1880
m13602,f16145
m4648,f11931
m13495,f18206
m15174,f13931
m12953,f7143
m15035,f5797
m5387,f18318
m13380,f16081
m15110,f457
m9513,f5383
m15209,f2476
m13485,f4861
m15521,f12788
m16075,f13670
m15385,f3506
m14513,f2115
m963,f11176
m9653,f2736
m14007,f592
m15749,f5585
m18424,f3025
m12706,f8776
m14873,f6379
m15945,f11512
m15091,f11688
m17073,f5132
m17460,f10609
m18140,f13151
m15275,f10982
m11051,f9169
m15886,f4048
m13409,f9730
m8031,f10451
m15884,f3570
m15063,f12484
m12026,f332
m13708,f739
m1919,f17879
m2784,f13318
m17364,f7651
m13684,f13848
m15778,f3304
m7468,f8389
m13597,f11580
m15875,f1217
m14954,f8458
m15866,f13052
m12384,f7491
m16162,f3696
m17037,f275
m15169,f5225
m10069,f6842
m17498,f9702
m14661,f14360
m15211,f18084
m15532,f10161
m14999,f13056
m11949,f14453
m10344,f11473
m14017,f15338
m7146,f17509
m15676,f3128
m16095,f13844
m18168,f6110
m9062,f17478
m15137,f1343
m11757,f16065
m14147,f10557
m15919,f7148
m10081,f4434
m14979,f14365
m12455,f15436
m10139,f15447
m18163,f254
m8449,f15029
m17939,f4695
m7648,f6351
m14961,f9168
m15992,f7824
m16198,f5463
m14193,f14128
m14519,f2038
m7636,f120
m16052,f1577
m15775,f15623
m7794,f13541
m16718,f18055
m15298,f13029
m15095,f17531
m17433,f10262
m13965,f4966
m2095,f9256
m8686,f9756
m13243,f12801
m16136,f11282
m14822,f17889
m15391,f2302
m12813,f1072
m15129,f14881
m18468,f3865
m14008,f11745
m15685,f16544
m12579,f6907
m14234,f8992
m6947,f14156
m13299,f3062
m10954,f1848
m17437,f5421
m14457,f18288
m16101,f14070
m4005,f16063
m12756,f18130
m18080,f6508
m18489,f8862
m8849,f5520
m13168,f3005
m15260,f8770
m1604,f11435
m9947,f3580
m16071,f1502
m14508,f7047
m6364,f11992
m17431,f269
m15147,f2667
m15400,f3504
m16346,f15890
m15985,f4458
m14800,f15722
m16099,f2980
m16676,f15726
m8541,f6648
m13316,f9314
m9516,f336
m15670,f14709
m15463,f8059
m14571,f8883
m18366,f12145
m17413,f10023
m10561,f12514
m9095,f2982
m15048,f13343
m10789,f1278
m14775,f2899
m14917,f13722
m17985,f12839
m15449,f14671
m8547,f2600
m14020,f8038
m11280,f12042
m17585,f3454
m16139,f4703
m5454,f10505
m11720,f5433
m14562,f14585
m16131,f3198
m3026,f6635
m14427,f11846
m8333,f17909
m16760,f14289
m7196,f544
m11621,f18063
m10977,f2967
m15264,f17426
m6247,f6435
m17831,f14575
m2982,f6273
m15660,f7069
m12614,f11202
m6913,f12622
m17941,f74
m14970,f18437
m18375,f12045
m17542,f13696
m16124,f7938
m13752,f1573
m4730,f4257
m6654,f12847
m2764,f10957
m13195,f5110
m16012,f7936
m18170,f1208
m15257,f459
m14806,f11153
m7429,f9788
m14965,f4873
m3135,f16412
m8644,f14966
m5063,f9963
m14396,f2404
m16222,f9914
m14881,f15624
m18451,f16006
m3599,f4319
m17765,f4553
m7377,f12104
m18287,f2624
m3098,f15173
m13716,f8601
m11182,f16945
m15302,f18459
m7110,f8549
m12752,f12758
m16072,f1717
m11410,f15916
m15485,f11755
m12967,f7940
m12165,f1998
m2494,f4747
m7194,f7403
m16161,f4967
m16900,f1017
m15739,f4717
m14366,f16040
m17679,f4426
m9263,f16811
m3831,f6058
m7722,f5138
m12947,f12964
m17882,f9773
m14001,f11445
m13867,f15018
m15439,f11275
m15789,f16831
m11016,f16349
m14609,f5277
m15074,f1559
m13462,f3233
m13619,f17222
m18471,f5387
m10967,f2100
m14458,f15993
m14174,f10362
m12396,f13293
m13413,f11697
m13933,f12475
m16006,f8388
m16612,f11492
m10922,f13466
m16176,f13234
m13717,f4316
m10854,f17833
m11507,f5581
m18443,f1194
m17193,f7422
m16018,f14447
m12914,f3849
m13675,f864
m13029,f15874
m8444,f8161
m14270,f7126
m12497,f4812
m10425,f2645
m3518,f13747
m18354,f9146
m14674,f2775
m18353,f6040
m15699,f12687
m15800,f6380
m7144,f14664
m14398,f5723
m15252,f9887
m18482,f5513
m17104,f15027
m15457,f15231
m15349,f9408
m14222,f6780
m12790,f17303
m9964,f15181
m16287,f17371
m14660,f16447
m9615,f10916
m14805,f13806
m13547,f17035
m3070,f4731
m12037,f11941
m17683,f398
m6546,f5888
m13821,f6618
m11442,f2731
m16177,f3092
m10593,f15510
m14329,f501
m4786,f10775
m12043,f18519
m8154,f14485
m4088,f2999
m6710,f8250
m14416,f129
m14299,f17316
m16680,f2370
m16070,f8654
m16066,f15804
m15823,f7778
m18071,f14742
m14016,f13474
m15099,f11040
m14285,f10468
m9036,f5613
m447,f13039
m3329,f17309
m15368,f6009
m14148,f11801
m14242,f9306
m15753,f4130
m9649,f1638
m11785,f18333
m4893,f9753
m9839,f11224
m11226,f16064
m11532,f17797
m6165,f3377
m14286,f9600
m14813,f2229
m15282,f12685
m4355,f15994
m16656,f6122
m8169,f16582
m11336,f11050
m16794,f2012
m16374,f14891
m14140,f14364
m15173,f7585
m16775,f16729
m3661,f4183
m14676,f1442
m13676,f15933
m3505,f3971
m1078,f15038
m9383,f7445
m6390,f6927
m5138,f77
m13314,f14232
m13533,f9407
m11623,f5498
m7503,f5773
m2783,f4068
m15811,f13699
m16184,f1986
m18392,f3562
m9547,f14910
m14364,f9035
m14762,f12574
m13403,f16540
m4266,f16187
m14603,f8829
m7337,f12814
m1884,f1
m5399,f345
m17450,f11286
m4047,f9743
m13186,f17214
m15870,f16050
m16762,f16562
m16278,f6902
m4541,f4083
m14799,f17215
m13561,f12299
m10404,f753
m18363,f6505
m10332,f10014
m17410,f8461
m18250,f287
m12825,f12836
m16538,f13063
m12562,f15302
m16188,f3711
m4396,f14423
m11446,f4292
m878,f878
m13448,f8379
m16637,f13311
m6958,f9262
m14093,f8552
m6268,f17096
m15677,f8431
m12820,f6825
m15989,f15040
m13425,f9915
m12087,f6005
m12743,f10173
m16007,f6660
m14363,f7437
m7995,f16513
m11618,f14769
m17213,f1136
m10870,f580
m7533,f3090
m14217,f11923
m12940,f8689
m11118,f16373
m16227,f10896
m13464,f6452
m12302,f3709
m6807,f5091
m17748,f17700
m11313,f16213
m12580,f3752
m15575,f13932
m3718,f6542
m18430,f10273
m13482,f9973
m4046,f15959
m2705,f14101
m15155,f5602
m13477,f8138
m4922,f15329
m15978,f9456
m18092,f10080
m14238,f10514
m15924,f13738
m10590,f8348
m15306,f16860
m14599,f9758
m12685,f13606
m13117,f4217
m5928,f158
m17099,f4267
m515,f16692
m11081,f16021
m11275,f17218
m2847,f12141
m9854,f4642
m17294,f6312
m13046,f16951
m13130,f13618
m11922,f15986
m10371,f14099
m17866,f17645
m15429,f3619
m15912,f9798
m10389,f10289
m13070,f18091
m12449,f18420
m10743,f3951
m13704,f4160
m10121,f18465
m12981,f3281
m13987,f7737
m14134,f16892
m10148,f12371
m17883,f9961
m5074,f3426
m16206,f17568
m12530,f17686
m15263,f17310
m3118,f17611
m7749,f2300
m13655,f6313
m11638,f3584
m11019,f1271
m8422,f16838
m14198,f9078
m13554,f6485
m7711,f3977
m12259,f7470
m10265,f11460
m8837,f16315
m13102,f8537
m6074,f5080
m15561,f3991
m5382,f8619
m3866,f8192
m10619,f2417
m1907,f7216
m15628,f14013
m6591,f2477
m14403,f4858
m16093,f4996
m16151,f13281
m4476,f15754
m17531,f11794
m14903,f18071
m5903,f205
m541,f6558
m1385,f7138
m7716,f5186
m15559,f4287
m12003,f3308
m17176,f2656
m15313,f3428
m2359,f1969
m13364,f17337
m11954,f7059
m14287,f12663
m9605,f3938
m553,f7696
m3355,f10831
m7242,f3469
m10776,f15879
m15123,f5253
m15564,f13410
m12763,f14261
m14492,f3022
m17029,f17948
m10947,f2169
m13265,f16205
m10355,f3351
m11543,f18327
m2668,f9281
m14027,f15076
m17533,f10202
m9069,f8195
m5071,f11316
m488,f3084
m17988,f18491
m12634,f5790
m2048,f5402
m10485,f17501
m9661,f1219
m16142,f14415
m14923,f6743
m833,f13710
m12437,f900
m949,f14813
m16703,f8698
m16087,f15389
m13360,f13731
m15156,f12647
m17633,f958
m9262,f10253
m8248,f1862
m17234,f3160
m17320,f10405
m11394,f1062
m14150,f4251
m12338,f687
m12217,f12873
m11150,f17974
m8706,f6678
m16639,f6734
m3281,f7279
m6718,f4441
m15917,f2926
m10627,f10344
m17903,f11242
m8546,f2796
m2213,f18347
m15482,f11219
m14102,f12338
m2532,f15837
m8208,f11576
m7603,f1636
m2153,f797
m1635,f5195
m732,f17822
m10318,f2593
m4216,f8232
m1435,f17076
m9523,f14620
m17830,f2679
m16084,f8147
m1855,f5549
m16661,f1209
m68,f9186
m9297,f4986
m235,f11551
m5687,f13601
m2993,f2674
m14669,f10770
m15603,f75
m11799,f5664
m2801,f15717
m3264,f6839
m457,f8504
m11537,f9237
m7529,f16657
m575,f4020
m17471,f13332
m8496,f2247
m12898,f17964
m7024,f13817
m14401,f8901
m8758,f9995
m7531,f8632
m17302,f12682
m4262,f17656
m5124,f6053
m10280,f3329
m9253,f1021
m13601,f1116
m16845,f8434
m6439,f16465
m5591,f12415
m8705,f6587
m7557,f3369
m10929,f2621
m16813,f4340
m18119,f10976
m17074,f14577
m13551,f1973
m12975,f5572
m6782,f15004
m17552,f228
m14723,f3892
m16020,f17654
m13393,f10364
m1102,f8487
m18133,f8443
m12076,f8173
m16812,f17754
m12398,f7658
m11911,f7186
m13322,f2487
m9162,f12288
m7917,f5427
m11796,f14527
m13112,f12466
m17003,f9875
m2971,f1665
m1821,f16706
m8007,f18105
m12480,f3821
m3389,f18227
m12637,f14152
m14196,f106
m11091,f14795
m6402,f130
m17497,f9970
m8117,f1058
m17902,f5524
m9490,f15009
m11349,f6424
m13105,f6904
m17199,f7615
m10480,f15278
m9488,f8769
m15631,f15620
m12733,f1059
m2436,f12707
m6743,f9010
m5407,f5242
m7911,f9907
m14651,f17710
m12107,f7692
m13513,f14506
m14170,f2000
m7596,f14739
m9632,f15766
m8331,f12975
m14597,f14061
m10238,f15096
m13613,f10738
m10514,f10706
m10951,f6754
m17608,f5016
m9911,f15943
m12536,f6737
m4472,f5837
m5358,f17768
m13012,f5817
m265,f5997
m4989,f1134
m1089,f10603
m629,f1120
m456,f4158
m557,f17472
m2796,f5956
m140,f16516
m4339,f10193
m252,f12963
m4658,f5593
m15968,f13542
m3201,f13383
m6096,f11111
m929,f1774
m7624,f7794
m1621,f10809
m17465,f5034
m17836,f14007
m5681,f12750
m1585,f6675
m15934,f10176
m15273,f8447
m1853,f16885
m532,f9947
m13564,f9711
m6588,f16557
m17567,f15417
m3799,f1838
m10628,f7178
m1544,f14975
m15593,f13482
m6030,f11199
m1441,f17984
m18051,f17715
m3851,f11491
m16687,f11394
m18261,f8813
m12447,f12999
m2161,f4291
m7272,f11762
m18174,f18044
m16647,f7917
m15543,f14778
m383,f5854
m10365,f18508
m11935,f17602
m1296,f4906
m241,f12019
m654,f5478
m4733,f10035
m1168,f17622
m14032,f10251
m164,f16701
m2349,f1417
m2209,f3644
m7364,f4506
m352,f14509
m122,f8089
m3175,f4634
m13206,f7681
m15542,f12908
m17700,f585
m3076,f38
m599,f9740
m5140,f2002
m2715,f18080
m1760,f16415
m13663,f11675
m2556,f1588
m7127,f11024
m1608,f13992
m3906,f11236
m6548,f15109
m14944,f2263
m4072,f8982
m8958,f7015
m12881,f7117
m5787,f329
m17848,f8069
m1201,f500
m12378,f11114
m17357,f14746
m6499,f3479
m10803,f16953
m9522,f13807
m10211,f14788
m1483,f12753
m1301,f14308
m4876,f1909
m14332,f11329
m3482,f10638
m18411,f6225
m17636,f18116
m5697,f13034
m16009,f10789
m16160,f14325
m16153,f9246
m6358,f1291
m17036,f5238
m14029,f7214
m485,f1742
m8251,f4882
m9537,f2267
m4031,f2112
m12866,f13133
m9088,f1088
m8815,f11671
m1151,f153
m16449,f6617
m12343,f5786
m15250,f2571
m14939,f7772
m2590,f5167
m3744,f18402
m14378,f11014
m12723,f14032
m11997,f6736
m12913,f8513
m9574,f4988
m4949,f9558
m3689,f14159
m7399,f17097
m16715,f515
m18480,f12546
m11279,f11895
m17277,f6765
m5790,f3840
m11193,f17408
m9313,f12402
m8256,f5994
m14611,f16592
m13537,f7379
m16779,f9778
m17987,f7654
m13689,f2172
m17621,f12652
m12537,f5286
m11082,f14436
m13352,f1582
m17378,f17786
m6393,f10292
m11725,f1917
m11485,f10562
m12127,f14147
m14887,f4742
m16499,f8246
m13075,f3496
m10996,f1206
m14200,f13834
m17286,f8626
m8526,f6438
m16476,f5732
m8393,f16116
m14434,f15248
m18038,f15328
m4879,f11822
m17617,f7700
m11531,f6978
m9479,f5385
m13374,f3519
m13536,f14
m9693,f17926
m5046,f9510
m10940,f14031
m8341,f4508
m18452,f4294
m1294,f10183
m5401,f12659
m5054,f4040
m891,f100
m275,f16515
m4668,f9189
m6034,f17516
m564,f193
m1240,f6020
m116,f17788
m726,f16474
m1109,f6575
m8949,f15801
m145,f15784
m83,f4675
m1868,f13906
m405,f16601
m417,f55
m1966,f14203
m1448,f18146
m1496,f3660
m3548,f14863
m4113,f6811
m11548,f16159
m8030,f5633
m6198,f12438
m6732,f6483
m1099,f11797
m239,f9992
m15877,f289
m216,f14913
m13337,f17749
m707,f14817
m574,f9557
m15358,f16816
m17244,f719
m7670,f16256
m657,f1363
m10097,f2868
m9131,f15512
m9407,f17631
m704,f15764
m18076,f7222
m17389,f3884
m2239,f7217
m5890,f7942
m2351,f5451
m1138,f5010
m7278,f15322
m4112,f13120
m11717,f12004
m5654,f10260
m17130,f11886
m8727,f9767
m558,f10632
m8372,f7093
m16785,f10939
m3454,f10154
m128,f15451
m1497,f11416
m16501,f13630
m4259,f7695
m8633,f11772
m13411,f8915
m12682,f1311
m1537,f10788
m1861,f3239
m10004,f5250
m17354,f11888
m8082,f13692
m16888,f18477
m366,f11181
m2617,f2472
m691,f3975
m2545,f6105
m530,f3484
m10241,f12838
m8404,f10236
m2424,f5750
m11503,f5423
m8843,f11752
m158,f7119
m3019,f4546
m5655,f12353
m4043,f15153
m12432,f16511
m7388,f13442
m16356,f11860
m3413,f5248
m17115,f4263
m8548,f1843
m3967,f413
m11375,f1434
m412,f16894
m12362,f6776
m1251,f16625
m17347,f10854
m7556,f6968
m1169,f13566
m5439,f10950
m17794,f9330
m15286,f11478
m14297,f1073
m4197,f11756
m18178,f12189
m14314,f3756
m12895,f10600
m921,f1170
m7126,f14109
m17076,f4086
m10917,f8277
m11002,f12826
m11990,f9057
m11643,f8725
m3060,f1240
m13244,f16522
m3141,f18160
m12610,f16271
m7527,f1478
m10017,f1555
m217,f3878
m8355,f9880
m9491,f16339
m1792,f14569
m10151,f1027
m16563,f6819
m10649,f15760
m10779,f10038
m17895,f7384
m6404,f17796
m8070,f2489
m13649,f15631
m5588,f7493
m3328,f7972
m11308,f16316
m16225,f9425
m11329,f5399
m14883,f17304
m4593,f2617
m13971,f8743
m7092,f15828
m3344,f16257
m149,f7720
m18121,f13559
m8676,f102
m13042,f1410
m4916,f1124
m16608,f14844
m7559,f13326
m8033,f11254
m6434,f11674
m4287,f7703
m7860,f13359
m6541,f9239
m2502,f11939
m14022,f10796
m13205,f15644
m11656,f15666
m278,f4583
m7010,f6154
m5561,f16164
m10029,f7996
m8448,f611
m6774,f12852
m14375,f9726
m5565,f16386
m4800,f13800
m14734,f6760
m11574,f7370
m16693,f16074
m16178,f16263
m16721,f10473
m7516,f17962
m4467,f8449
m7077,f716
m13807,f16658
m13810,f5218
m12879,f1290
m7119,f5129
m16537,f6498
m3930,f11343
m13475,f4604
m5560,f10083
m5459,f3328
m17103,f13167
m16627,f13604
m10816,f15069
m10716,f14583
m12567,f7004
m16308,f10941
m4482,f9386
m7683,f16355
m9135,f3887
m8051,f14520
m6027,f17806
m13617,f9991
m10472,f10399
m13145,f9353
m8222,f11459
m16658,f8371
m14023,f2881
m9764,f12245
m1825,f678
m6561,f998
m7052,f16551
m8648,f18523
m10185,f17951
m15422,f7943
m13500,f10800
m12400,f3303
m16088,f1214
m13170,f6396
m16949,f9321
m17977,f15616
m6308,f18337
m5388,f16096
m102,f9196
m291,f7012
m8383,f11234
m1111,f9299
m4319,f12737
m845,f1239
m931,f13060
m401,f12490
m16451,f13546
m16244,f18414
m18198,f6771
m1741,f6145
m710,f12690
m5036,f8933
m808,f11537
m1584,f11409
m2204,f1797
m3132,f6323
m99,f16084
m4822,f11071
m5557,f14567
m1375,f8567
m13911,f6942
m407,f10512
m16458,f10759
m588,f6526
m592,f18068
m17150,f5539
m17796,f12628
m5811,f14382
m6285,f3196
m7292,f4972
m5656,f14332
m1027,f6497
m8153,f8658
m9252,f4889
m3239,f4481
m11735,f13820
m2481,f13905
m16362,f15703
m17443,f11650
m7829,f17434
m5972,f3346
m63,f9284
m542,f12296
m17129,f1516
m13758,f16547
m2011,f16850
m1781,f12522
m30,f5280
m16360,f17433
m9415,f17453
m16179,f10330
m16600,f6442
m18348,f4845
m4012,f3147
m3938,f4149
m16252,f8448
m5554,f8121
m6208,f15476
m16461,f5472
m6041,f13941
m2857,f9902
m3042,f7754
m4220,f1785
m4359,f8932
m16281,f16639
m12214,f3154
m2279,f14912
m4397,f12137
m1490,f5690
m566,f10298
m4302,f8331
m670,f7025
m3181,f4045
m17421,f751
m2434,f17866
m1712,f8649
m12250,f12181
m134,f16179
m2093,f9822
m13897,f8558
m11121,f11656
m17134,f5876
m3252,f11998
m6969,f2962
m13786,f13595
m1804,f12187
m14683,f16705
m4104,f11196
m2640,f9526
m9106,f15973
m8039,f14286
m8500,f1550
m17267,f8942
m13471,f15263
m10648,f18470
m13218,f16176
m11669,f5151
m7350,f11818
m4358,f15695
m9654,f1612
m7367,f12099
m14054,f6669
m11319,f451
m14003,f8177
m825,f2662
m14194,f16342
m12950,f9338
m1542,f9555
m12221,f4644
m6374,f13260
m13182,f9800
m10927,f9900
m742,f15956
m12711,f13779
m5229,f13335
m7669,f14793
m11374,f11949
m6327,f4064
m12619,f17847
m13177,f6615
m4874,f12868
m11698,f16878
m16190,f13965
m9140,f6262
m7204,f10394
m13479,f14700
m9391,f16392
m18028,f3407
m10650,f4819
m5804,f6577
m8781,f5468
m5123,f14196
m4445,f3415
m9472,f7401
m502,f13704
m5313,f7167
m4442,f17343
m12709,f5298
m12207,f835
m14837,f17208
m11418,f5358
m10432,f12335
m7137,f9949
m8277,f5374
m5244,f16716
m8904,f7411
m17936,f7593
m8363,f11429
m7599,f10246
m7250,f12504
m5239,f2582
m12113,f14929
m12707,f5071
m14384,f16586
m5689,f384
m6816,f15912
m2931,f8761
m781,f8328
m615,f6212
m1170,f8906
m10054,f11147
m11802,f10865
m623,f2362
m2911,f4376
m13481,f15428
m4674,f1336
m1586,f17212
m12260,f6242
m3996,f12336
m4572,f16323
m10502,f15810
m17875,f7680
m4816,f2219
m4873,f9106
m8123,f9255
m10958,f1292
m13270,f10649
m13820,f5558
m5352,f2883
m13559,f8175
m5405,f2352
m14461,f8357
m10732,f6462
m14225,f18279
m1936,f16514
m14271,f217
m13497,f13797
m12411,f4416
m17547,f9152
m8775,f7628
m12293,f17714
m12987,f18042
m10775,f14995
m11642,f6897
m9077,f7513
m9922,f13273
m6776,f8566
m8480,f18393
m11991,f1151
m13197,f7533
m12607,f12538
m11818,f1835
m6571,f18252
m8876,f15116
m3970,f375
m2354,f15603
m9637,f6448
m15132,f9498
m8200,f16780
m18185,f11869
m5482,f10587
m12775,f1402
m2817,f7642
m1688,f16270
m958,f11372
m3267,f16620
m957,f15075
m1129,f13356
m776,f16747
m1609,f3581
m8678,f10102
m2184,f7336
m17259,f3800
m1264,f5819
m2000,f17402
m12356,f4109
m6801,f18376
m18421,f14016
m551,f10959
m787,f7652
m2889,f16480
m810,f10792
m1052,f6554
m1536,f13388
m262,f1181
m1284,f14348
m1286,f9453
m1499,f8809
m369,f8405
m13274,f872
m13030,f2306
m8561,f10658
m10188,f9508
m13053,f7408
m1831,f18236
m15712,f9136
m294,f12828
m6474,f9859
m337,f381
m1893,f922
m857,f10872
m18210,f16441
m2280,f926
m744,f11121
m559,f11401
m172,f16332
m11648,f11140
m17336,f2751
m17062,f6078
m4915,f2054
m353,f15848
m11941,f14379
m10192,f10244
m3378,f3332
m16692,f3653
m3937,f12360
m271,f2090
m3279,f12065
m242,f2819
m5838,f8373
m1677,f15236
m10172,f11358
m10883,f8369
m1194,f15299
m1932,f3834
m1143,f2035
m820,f10571
m1767,f11465
m6981,f13661
m1285,f7009
m8622,f3124
m18027,f6001
m750,f2763
m1969,f5683
m18146,f4915
m15584,f17620
m4292,f10354
m3601,f16890
m245,f10401
m193,f11821
m14756,f14731
m2045,f302
m14587,f6533
m5567,f3393
m3683,f17447
m10036,f5584
m13203,f16309
m10887,f9796
m1828,f11476
m13055,f16051
m1802,f10432
m1053,f3406
m9282,f17791
m10544,f4992
m1165,f2177
m679,f2251
m8517,f11813
m8558,f5925
m2661,f9801
m814,f16931
m9788,f16246
m2631,f12391
m14423,f7334
m9295,f9786
m15055,f5175
m16905,f9477
m11995,f14560
m980,f5148
m4097,f9224
m3613,f5550
m17950,f12969
m2697,f5377
m18188,f4132
m18116,f1413
m650,f6478
m14036,f11748
m180,f13803
m10163,f8691
m1458,f5224
m10693,f12799
m4456,f16487
m12680,f17621
m14300,f7717
m17395,f7685
m4747,f13767
m3963,f435
m15511,f339
m620,f47
m1326,f3861
m5277,f6287
m1775,f2695
m8173,f298
m1505,f12399
m18093,f8983
m12684,f18232
m10589,f2683
m15343,f17285
m14787,f10636
m2652,f6503
m14133,f8766
m9759,f3193
m10194,f7499
m6169,f12469
m188,f13625
m2647,f10637
m1896,f12191
m7162,f16267
m1345,f16911
m3069,f3292
m12496,f10095
m17231,f11441
m12554,f14235
m17964,f14675
m13763,f18100
m14315,f15190
m8297,f17952
m195,f2973
m5550,f17043
m10289,f7067
m9500,f11974
m7664,f3353
m514,f9049
m1805,f15345
m14201,f14564
m769,f5992
m11663,f3151
m6237,f17059
m17058,f2151
m12818,f11556
m8380,f2714
m16386,f15942
m17014,f9645
m8772,f4660
m12105,f8154
m7571,f13184
m14512,f14563
m3977,f2308
m865,f1440
m11687,f6789
m16942,f13169
m6602,f829
m8327,f9069
m3747,f12287
m17760,f18265
m11972,f9838
m16107,f6486
m16763,f5999
m7075,f3458
m16263,f1721
m16766,f2496
m13271,f7420
m1645,f18205
m1740,f11259
m341,f6138
m4591,f2919
m4590,f11427
m6810,f1432
m503,f12870
m7491,f15962
m7931,f15360
m8537,f7635
m17049,f7591
m2720,f4093
m7757,f11085
m2599,f11622
m2940,f17985
m4115,f9480
m3073,f13228
m17543,f17607
m17459,f7980
m1521,f67
m9970,f6991
m10300,f17180
m14975,f7503
m12450,f17366
m6504,f13452
m4131,f13426
m6895,f10814
m11454,f9158
m9966,f12746
m3532,f14211
m6613,f11724
m2755,f15183
m16341,f14988
m9155,f11001
m7019,f11522
m3545,f8506
m8396,f16331
m2432,f699
m3258,f16803
m461,f9315
m10842,f5145
m10955,f2005
m9943,f11182
m13080,f1386
m6117,f1553
m11469,f13346
m2530,f11859
m3110,f15920
m1013,f14866
m6032,f17933
m655,f3340
m4508,f13675
m7186,f7768
m12049,f17220
m13391,f16405
m5237,f15877
m10998,f18498
m12937,f13641
m7138,f16607
m13494,f421
m5746,f11126
m6105,f18354
m2219,f13454
m11222,f6661
m1592,f6343
m18155,f18263
m11566,f385
m7830,f8807
m2803,f2802
m8574,f12128
m4139,f17807
m4573,f8307
m14353,f7862
m9449,f14566
m5775,f14098
m13246,f11572
m3563,f12298
m3041,f11796
m10489,f18250
m14937,f5029
m6817,f11397
m8027,f17671
m9312,f15500
m17838,f3358
m14772,f2460
m2752,f9665
m8092,f12645
m13657,f3418
m11884,f14125
m14126,f13519
m5389,f11312
m6271,f9777
m9882,f2273
m10617,f17945
m2969,f17405
m11622,f17868
m9961,f1090
m11317,f10979
m9028,f1156
m12368,f10137
m17094,f10060
m11250,f13271
m12333,f972
m869,f16942
m16423,f17927
m7059,f9374
m17976,f10805
m11443,f16330
m8037,f1994
m14119,f11784
m4843,f1404
m9903,f1018
m8481,f14398
m17551,f15578
m8940,f8925
m14152,f12420
m1979,f16094
m4913,f11264
m771,f18148
m1084,f638
m2958,f8425
m16607,f12678
m2462,f10665
m17379,f14751
m8874,f8996
m5581,f10487
m18166,f215
m14533,f12474
m11311,f13045
m12472,f350
m16369,f3411
m1425,f1384
m3167,f18345
m6077,f12782
m8959,f7159
m4751,f4157
m18224,f13873
m18029,f16178
m14790,f7174
m17493,f16125
m13261,f5493
m1311,f3816
m17890,f10776
m4089,f2270
m480,f6917
m2345,f17893
m4505,f6772
m1318,f15486
m14380,f8637
m9422,f11028
m3126,f5948
m997,f15245
m1400,f17648
m154,f6882
m11910,f10360
m4700,f1897
m18295,f10927
m8682,f909
m8527,f17270
m4520,f5414
m4657,f8750
m12052,f6810
m6043,f13715
m518,f15796
m4870,f13188
m786,f6183
m13539,f10398
m3161,f10568
m9105,f14383
m1865,f4673
m7853,f10477
m16322,f11811
m15848,f18000
m888,f4418
m4642,f14163
m14797,f13775
m11406,f109
m1567,f10760
m9222,f1359
m12540,f3909
m12413,f11382
m2210,f543
m6935,f11367
m1131,f6010
m1207,f1829
m7972,f2958
m2071,f16787
m1953,f105
m13286,f3520
m973,f13171
m18020,f17606
m3962,f5757
m12798,f3348
m4227,f1905
m5595,f10168
m17568,f8112
m6246,f1385
m5818,f9290
m16098,f18178
m13802,f9260
m11608,f5823
m8145,f13782
m13141,f15333
m3050,f12778
m4215,f4780
m10205,f15585
m3678,f9751
m6595,f12892
m1524,f4619
m7353,f7978
m16246,f780
m7007,f13725
m6976,f6190
m585,f9935
m870,f15460
m13797,f17696
m10997,f3586
m509,f11840
m10535,f6756
m9174,f18490
m17148,f14034
m14947,f7797
m12015,f9967
m13686,f17233
m16874,f7397
m5288,f11534
m8408,f10811
m17488,f13212
m5849,f9931
m17119,f3683
m3638,f18438
m16882,f7231
m17697,f5551
m5028,f6685
m14641,f14186
m205,f15020
m9873,f13081
m11260,f1025
m11252,f13649
m11009,f18082
m2019,f11777
m1473,f12609
m1403,f10117
m13893,f16016
m15409,f17078
m1685,f1961
m357,f13143
m18069,f2960
m982,f8457
m3989,f10132
m1886,f11734
m10226,f2367
m6306,f14747
m13098,f5570
m7819,f11723
m16465,f12027
m10813,f3530
m5964,f10591
m2304,f8417
m7799,f591
m16935,f8784
m6206,f12103
m2241,f2542
m7268,f12818
m17943,f4367
m15224,f3679
m7647,f16874
m9273,f2528
m1022,f11136
m3605,f5512
m17247,f9476
m17295,f9872
m2172,f4474
m9218,f5645
m913,f16929
m6471,f7870
m7876,f1104
m7583,f6663
m14125,f7536
m8264,f3628
m7396,f17584
m17694,f4677
m17005,f18270
m10880,f1649
m16943,f9295
m5880,f8643
m12590,f6838
m17912,f12388
m13732,f13734
m10258,f6233
m9402,f14257
m11384,f3980
m6873,f15131
m4248,f8702
m16314,f8324
m1103,f14006
m9390,f8677
m6711,f5121
m2144,f2471
m16175,f17958
m5917,f3468
m6384,f14079
m13636,f12403
m9182,f9662
m10225,f2691
m12140,f12023
m17630,f16375
m3670,f9688
m10003,f8668
m10391,f11353
m17328,f17293
m4670,f9092
m5996,f4527
m16526,f8646
m10020,f13637
m15802,f18012
m18013,f8472
m88,f12285
m11453,f251
m4369,f10216
m6496,f221
m13382,f731
m16100,f8532
m11471,f8740
m16740,f11500
m7381,f114
m2873,f843
m13126,f2101
m12228,f10189
m4806,f1658
m11360,f3321
m4010,f17272
m8669,f9139
m11160,f13667
m159,f123
m3527,f12032
m18311,f1379
m5209,f826
m17792,f15779
m17868,f17716
m16014,f17216
m16445,f9472
m5426,f8172
m11742,f4453
m5059,f15019
m7524,f7485
m12240,f14145
m11143,f13859
m16256,f545
m11792,f9412
m6997,f1896
m10123,f7103
m2357,f5480
m9006,f12651
m8150,f10909
m12958,f8500
m3781,f4017
m11579,f11240
m8989,f15207
m13154,f14743
m11681,f3663
m5509,f4168
m5169,f6051
m17650,f4840
m12370,f9442
m9765,f4191
m10545,f15523
m14325,f17487
m3771,f1450
m16855,f13569
m10351,f8568
m9928,f4753
m13874,f3451
m10134,f14594
m8965,f13106
m3761,f6672
m11079,f11386
m11526,f11193
m7111,f1501
m5238,f3627
m10392,f7351
m11751,f1618
m8893,f6676
m6752,f8745
m7570,f13650
m11285,f2637
m10158,f15853
m12957,f7637
m9386,f5865
m4531,f4649
m12624,f1503
m7983,f7209
m2498,f16075
m1928,f9303
m4854,f4982
m2064,f10722
m569,f1656
m1770,f13073
m6025,f13436
m3237,f2928
m12296,f14874
m3112,f6161
m3061,f15805
m11161,f4741
m11371,f3088
m8024,f12498
m1465,f277
m18172,f8531
m3658,f6644
m17774,f11663
m5648,f16664
m1572,f5346
m7592,f12559
m11926,f10599
m3280,f10158
m8425,f5310
m9812,f15202
m7920,f5115
m1664,f12462
m1424,f7740
m5897,f10249
m18120,f16042
m13320,f11768
m204,f14852
m1734,f5641
m1056,f16637
m13579,f14274
m3313,f2160
m9836,f17459
m11038,f18131
m1226,f11882
m5268,f15093
m861,f6068
m387,f15185
m2712,f4998
m7433,f6870
m3293,f7782
m3595,f12118
m5865,f4822
m13825,f9981
m3248,f7405
m10382,f17934
m16988,f676
m6417,f14069
m694,f9517
m2110,f14341
m17185,f403
m11639,f8630
m13756,f11760
m9979,f17251
m1292,f3354
m6221,f327
m1145,f8712
m9920,f16920
m8896,f2464
m11580,f13627
m667,f15634
m14528,f16743
m16361,f13263
m17273,f3822
m13090,f7285
m3350,f1443
m5330,f6590
m1235,f9523
m8454,f15643
m8158,f6148
m14293,f18119
m5175,f5853
m11978,f12588
m3762,f17787
m5207,f7657
m3517,f15998
m5896,f6962
m11197,f8289
m4453,f7033
m3212,f16909
m17850,f13163
m2272,f4905
m3511,f17560
m17897,f5490
m4752,f16986
m4625,f13583
m11172,f139
m6577,f12673
m1393,f9651
m17514,f6901
m3525,f5185
m253,f16881
m3198,f9229
m10415,f9613
m8263,f14690
m3510,f352
m16615,f10553
m16154,f10150
m434,f7464
m3090,f11685
m2367,f1314
m6068,f2455
m5164,f17391
m14454,f11436
m11283,f6006
m8685,f6258
m13321,f16192
m13710,f6064
m10162,f10798
m12256,f8522
m1788,f387
m15619,f18136
m5828,f16376
m10335,f8052
m17596,f18032
m5190,f4144
m14699,f15275
m14812,f14914
m7457,f14816
m11504,f5843
m12056,f12943
m11704,f2405
m2673,f4911
m18167,f12175
m10690,f12368
m11921,f5848
m3077,f4944
m3423,f11093
m5305,f12608
m16359,f10470
m5151,f5952
m9318,f3065
m8522,f17034
m11382,f15921
m7151,f11360
m9335,f13279
m4809,f669
m5321,f9974
m9690,f15667
m12803,f12591
m5009,f9513
m14303,f1571
m8179,f13417
m6767,f1492
m10599,f13355
m16486,f18296
m685,f649
m6853,f16944
m5670,f16555
m16496,f6747
m11702,f11769
m11077,f5265
m13381,f8067
m17957,f13244
m8515,f4204
m16852,f1488
m10879,f11627
m9349,f8347
m1992,f5021
m4647,f5829
m6716,f14837
m7062,f10651
m4051,f14043
m4116,f10217
m4540,f17690
m4637,f5839
m5643,f12726
m17891,f1692
m2104,f2970
m3935,f4959
m4982,f9204
m13762,f15149
m5285,f9683
m942,f13084
m16811,f6536
m1801,f2415
m17741,f5678
m16969,f5229
m2352,f12701
m16984,f2456
m8175,f16319
m9939,f4352
m13592,f9038
m10603,f12377
m4034,f2055
m11904,f13874
m8157,f15657
m8889,f10456
m11399,f8381
m8356,f2827
m17441,f16180
m8110,f17074
m7409,f9772
m3936,f1437
m16903,f16728
m4273,f32
m10964,f8733
m5188,f18019
m11896,f6118
m11292,f18472
m12159,f14819
m6814,f4390
m4421,f3486
m11836,f11188
m6610,f8909
m10242,f11932
m17452,f6130
m11814,f14760
m12737,f18249
m18396,f1408
m3731,f528
m4988,f2045
m10722,f9241
m15984,f12147
m7300,f5624
m14782,f4617
m4503,f13089
m3640,f12540
m18074,f11908
m3915,f884
m5713,f18355
m16792,f17053
m1539,f6259
m8717,f4163
m12488,f14596
m7925,f12468
m18057,f17294
m15707,f9008
m9896,f5182
m17689,f9356
m700,f8227
m4035,f18182
m17359,f5501
m6646,f15053
m2702,f6175
m972,f9218
m18045,f7912
m8358,f10094
m7191,f1802
m17323,f3257
m5939,f18306
m10656,f10130
m14527,f9659
m10704,f14556
m12374,f13160
m6373,f12227
m12258,f6125
m3304,f4794
m12483,f8611
m3955,f4568
m14158,f4853
m12233,f652
m17919,f17267
m16548,f9782
m14090,f8385
m5307,f6243
m127,f10707
m3533,f12674
m12162,f4033
m5035,f1968
m5296,f14992
m6802,f1842
m7947,f10133
m6290,f6476
m4689,f15901
m8121,f2838
m18059,f12236
m17096,f13520
m3456,f16424
m13072,f5528
m6600,f4224
m897,f5628
m5240,f5483
m7791,f15495
m17206,f15850
m9240,f10237
m7306,f1738
m8681,f14810
m17107,f11099
m13826,f14925
m17785,f9689
m9811,f8671
m5952,f1500
m17232,f1863
m4841,f15400
m14523,f1037
m12576,f17041
m3822,f13433
m6564,f14653
m12264,f13918
m6188,f5419
m4984,f17801
m316,f7587
m9724,f12038
m10177,f8726
m11948,f15180
m1554,f11271
m16502,f9584
m5803,f17829
m10606,f10830
m14274,f2968
m6886,f2746
m4485,f11413
m3048,f11753
m3660,f1031
m6047,f13523
m2353,f17084
m1257,f18190
m8280,f5447
m725,f15740
m3150,f6804
m2294,f17491
m576,f316
m10616,f12691
m11098,f3470
m3727,f3021
m1127,f11308
m8861,f9559
m8102,f11878
m2893,f5598
m141,f7766
m948,f14416
m1418,f116
m17301,f16165
m16404,f16943
m1757,f15923
m4597,f8027
m8632,f11972
m916,f8216
m10191,f5825
m9481,f18363
m17665,f2689
m1806,f4417
m3498,f13028
m10120,f17673
m17638,f15564
m9803,f17230
m18169,f3137
m531,f7494
m1776,f6357
m3656,f7473
m3815,f16003
m7937,f7347
m5801,f17494
m1649,f12256
m11625,f15556
m4370,f7671
m10512,f15200
m2547,f9632
m6230,f17603
m7918,f7486
m8188,f8804
m5572,f5440
m2058,f8440
m7129,f10577
m8899,f15176
m17235,f15976
m6879,f13007
m17187,f10043
m3055,f5689
m17479,f3143
m17171,f12657
m6386,f15516
m16353,f4268
m811,f830
m2798,f3385
m8746,f12567
m5709,f18374
m363,f68
m14538,f11175
m16576,f15706
m5056,f7229
m9914,f16377
m1675,f13439
m11857,f3244
m10271,f12640
m5617,f8800
m15868,f5434
m11040,f8736
m8237,f572
m17980,f9103
m13092,f1686
m6305,f11351
m8894,f11854
m4627,f5306
m5904,f14460
m5187,f9431
m11776,f10057
m8597,f16214
m8773,f14909
m16337,f6104
m7275,f2543
m5310,f11151
m17686,f17326
m16589,f6207
m12739,f6794
m11544,f15067
m13026,f14054
m7034,f17840
m10809,f14873
m17645,f10483
m3760,f14182
m4900,f6954
m75,f342
m3617,f3554
m2136,f1321
m15710,f5503
m10279,f4480
m2926,f5098
m9341,f16887
m6992,f2660
m7862,f9976
m4606,f13161
m748,f11892
m16269,f5494
m16315,f18278
m13546,f3388
m11594,f1601
m6889,f8795
m14387,f7568
m7239,f7483
m4692,f14479
m881,f17860
m11131,f11390
m7873,f9694
m2758,f7647
m17123,f323
m3560,f2680
m16455,f6884
m7190,f13526
m6455,f5039
m12721,f1159
m10794,f929
m6400,f15222
m3630,f9576
m1693,f814
m10375,f18109
m14294,f2594
m9735,f12414
m14344,f4105
m6365,f9965
m8336,f1375
m9394,f5438
m16192,f10015
m12539,f17523
m11562,f17592
m6478,f51
m9015,f1795
m5476,f833
m6972,f16335
m15826,f4073
m15947,f11640
m12443,f8609
m641,f2141
m16912,f11269
m6249,f10366
m2909,f2992
m9536,f3149
m11627,f3541
m7094,f4791
m1749,f17380
m7726,f4656
m5947,f13901
m6825,f4903
m8771,f10845
m15910,f620
m4374,f13314
m3864,f308
m2934,f12325
m13174,f11341
m7619,f13306
m2183,f2538
m11988,f2701
m13095,f6276
m10005,f13827
m9617,f11781
m9342,f7378
m15006,f104
m6530,f10804
m6728,f11310
m8555,f9213
m4182,f17986
m10573,f12407
m7290,f15269
m2639,f12297
m12846,f1093
m7112,f15773
m1623,f11274
m3380,f16731
m8347,f9564
m873,f6124
m2323,f17864
m9326,f7293
m9286,f5456
m17935,f7749
m4167,f16506
m9161,f11917
m10534,f12789
m16521,f5482
m17419,f6278
m6736,f10874
m11571,f14611
m11003,f89
m8542,f7312
m13065,f14285
m7180,f16535
m17325,f2678
m5813,f15139
m13690,f13312
m6225,f10388
m7339,f11944
m17095,f4087
m10341,f9862
m1470,f12515
m7926,f13512
m4316,f17068
m7295,f1011
m17300,f15815
m9553,f6530
m9709,f14405
m11449,f13982
m13459,f11889
m237,f1356
m12462,f17360
m15752,f12112
m12448,f2978
m12863,f13558
m5793,f14375
m11035,f3957
m7341,f6027
m1824,f4897
m9157,f710
m906,f16281
m2028,f6889
m16722,f14581
m5295,f3684
m9981,f10769
m2227,f14171
m11344,f8482
m2863,f10746
m3816,f6305
m6605,f12454
m14043,f6841
m7623,f11505
m12903,f13585
m14788,f10466
m16272,f8987
m6967,f5243
m1059,f734
m11487,f1661
m4977,f17266
m9818,f14573
m11318,f6209
m2143,f9893
m17812,f3981
m11361,f4232
m8995,f4470
m16853,f1233
m16846,f7649
m2303,f7873
m14972,f11894
m10136,f2513
m17371,f5961
m10636,f12724
m17401,f6515
m17335,f5426
m9283,f4491
m9686,f5073
m16299,f11795
m6979,f18015
m13750,f16320
m6322,f4339
m12553,f1052
m2886,f16640
m3801,f8754
m2390,f11015
m13407,f9159
m18044,f6945
m14440,f16949
m8523,f7746
m4965,f8106
m13870,f12867
m5978,f17451
m5722,f4557
m9199,f12619
m7121,f2681
m8137,f2619
m12421,f110
m10129,f15141
m4985,f9954
m4008,f4088
m9982,f9514
m6174,f15786
m3319,f3414
m13232,f999
m11346,f15110
m12821,f6136
m5508,f8358
m14645,f7091
m10855,f2794
m13452,f9503
m5852,f16903
m7629,f3676
m16511,f7510
m15075,f7056
m7016,f12984
m4170,f14114
m8461,f9323
m2944,f17858
m10890,f15777
m17351,f8629
m1651,f2382
m1658,f2201
m2773,f4037
m3728,f1155
m4269,f16184
m11967,f11636
m10521,f11838
m2689,f17615
m17999,f16669
m2435,f10129
m7391,f16106
m728,f12088
m7185,f5971
m18356,f14781
m17166,f9308
m17915,f1197
m17858,f2610
m7422,f4410
m8777,f16927
m4576,f492
m11297,f3226
m3492,f7290
m12526,f15336
m16329,f5369
m10702,f16902
m7298,f14729
m14100,f4804
m9302,f10977
m9683,f5222
m16307,f566
m11231,f14928
m8638,f13051
m7393,f9249
m16609,f8152
m9747,f7162
m6560,f15439
m7901,f9540
m1930,f2213
m938,f4210
m1870,f4103
m13350,f14880
m10310,f260
m5258,f10454
m7817,f7112
m9212,f13057
m13849,f15752
m14679,f9405
m4941,f10943
m12397,f9047
m5446,f9258
m7812,f7507
m12839,f9428
m7124,f4607
m7115,f10880
m10892,f4450
m971,f6887
m4969,f4863
m9895,f8640
m12855,f7185
m15310,f3456
m9232,f1958
m16827,f981
m8255,f7145
m280,f11792
m10804,f17
m17252,f16171
m16475,f8608
m2819,f1064
m3316,f6550
m1736,f15708
m2402,f12886
m1098,f1003
m17069,f1297
m12092,f3810
m11327,f12180
m2621,f7814
m6784,f7815
m6888,f7161
m5836,f2388
m7170,f7278
m8748,f3789
m12915,f5892
m18394,f11665
m18441,f13397
m2600,f5622
m12395,f10121
m3881,f16996
m17084,f8234
m7442,f6732
m13773,f6805
m8798,f6474
m6998,f7044
m1679,f1790
m10022,f17589
m1530,f6298
m875,f15974
m10501,f8209
m17348,f5114
m17600,f15326
m3594,f9075
m5630,f1929
m3852,f14718
m10329,f11704
m9446,f6340
m18235,f7220
m10305,f1364
m4198,f3872
m11084,f17044
m9118,f8899
m16483,f6244
m8259,f10096
m1105,f307
m7451,f13375
m8525,f18199
m1882,f3342
m13565,f16977
m16239,f6555
m6719,f10724
m7430,f16666
m12741,f1315
m9495,f9603
m17466,f8165
m10476,f1188
m11957,f12361
m8728,f13072
m10233,f10037
m10239,f14366
m5807,f1117
m9583,f11625
m4779,f3208
m6122,f11440
m18419,f13104
m9967,f17578
m5686,f15802
m4084,f6430
m4399,f2467
m1777,f71
m17392,f9350
m5414,f169
m13502,f9687
m14091,f11335
m17887,f10850
m6576,f14787
m13404,f810
m10669,f8184
m13681,f5197
m12145,f12777
m10082,f5777
m17306,f6269
m14128,f6073
m15741,f3916
m7150,f7518
m9777,f6994
m6545,f13878
m16457,f4388
m390,f11573
m6695,f9468
m9866,f7682
m9954,f4763
m5708,f4392
m11754,f5488
m7478,f15712
m17121,f4630
m5776,f2682
m8747,f14637
m5291,f13762
m12388,f14748
m13387,f10423
m3439,f1745
m12336,f15831
m4091,f8764
m11477,f2173
m9255,f1855
m17500,f3157
m6252,f10003
m17426,f7364
m9438,f4002
m8325,f3155
m10916,f7283
m7463,f1362
m12085,f12307
m3610,f9473
m5218,f5654
m9695,f7626
m98,f5514
m16617,f13009
m8086,f16080
m1962,f14627
m16934,f17306
m9975,f18106
m5089,f7188
m3830,f17227
m9109,f16581
m12415,f8838
m2196,f11168
m17299,f1099
m6535,f2150
m11674,f1427
m6539,f5363
m6264,f17691
m8778,f4386
m261,f6289
m11340,f10679
m13721,f7180
m12276,f4550
m15028,f18060
m9042,f6986
m8993,f17693
m5147,f17485
m4347,f1865
m10900,f1548
m5315,f2971
m10451,f15321
m8299,f5586
m5806,f1472
m12170,f16222
m9707,f8824
m12386,f17415
m10208,f8516
m9599,f4236
m7425,f9393
m11463,f18051
m6609,f8998
m1581,f13132
m13153,f16476
m12830,f9612
m5127,f16421
m11452,f5808
m17781,f17467
m3205,f4735
m12776,f1642
m7087,f5257
m117,f15080
m17609,f10907
m12371,f1454
m5311,f2071
m7866,f679
m9852,f8390
m13017,f2143
m15053,f8019
m14752,f4243
m10853,f8401
m6167,f7105
m7630,f8951
m3843,f6156
m5607,f17324
m8432,f13192
m4475,f5342
m12724,f14531
m9694,f12162
m7837,f7153
m17137,f6949
m11465,f4350
m8211,f2346
m6283,f6543
m12757,f7582
m3642,f14726
m12019,f14330
m9706,f12714
m7871,f9657
m10638,f5831
m8518,f7328
m8226,f1542
m3756,f7284
m5738,f5675
m15034,f5673
m17153,f11350
m10926,f5337
m3990,f11635
m5496,f17604
m5613,f13497
m660,f3606
m17063,f16379
m1961,f14481
m5612,f779
m16524,f12513
m9338,f13828
m6344,f9983
m15443,f16565
m6125,f6057
m17990,f422
m4002,f4973
m2716,f7438
m2312,f2092
m2675,f10458
m11258,f15584
m8021,f13603
m266,f18192
m17947,f1081
m6812,f18145
m6804,f2677
m6465,f16361
m4924,f14756
m12573,f2894
m17390,f18128
m12030,f4859
m17131,f1179
m17377,f3811
m3668,f14834
m8474,f5511
m8009,f18282
m16288,f12347
m2041,f15268
m2900,f8479
m4909,f1775
m8720,f420
m16313,f14869
m7682,f16844
m5531,f4192
m18412,f4241
m7561,f12240
m17946,f6495
m4398,f9084
m3206,f3784
m2264,f16303
m1591,f4115
m7460,f1433
m8035,f10072
m18042,f2508
m10308,f15127
m7410,f11937
m1981,f12376
m16330,f10049
m17806,f15653
m16059,f14371
m1721,f14026
m3400,f10280
m10349,f8320
m17464,f16781
m7064,f4120
m9857,f8225
m9662,f11411
m17974,f16904
m6280,f13289
m16488,f1831
m4511,f16736
m9820,f6013
m2678,f4189
m9357,f8115
m7022,f15654
m13068,f15405
m1370,f16017
m1231,f15688
m4245,f7506
m9020,f11526
m14049,f7187
m9721,f17261
m1519,f16889
m12660,f2503
m9112,f3476
m14481,f5901
m17318,f13083
m6055,f768
m8107,f7337
m9248,f3910
m1157,f7184
m1134,f4666
m2630,f18275
m7970,f10635
m4823,f2244
m4898,f12201
m17241,f6162
m7370,f5378
m3144,f6393
m10969,f9486
m7611,f14139
m7986,f6427
m16026,f14166
m8209,f13796
m16542,f7878
m3871,f13837
m17207,f2612
m12218,f16770
m12189,f11384
m7635,f13111
m17729,f16698
m14066,f15488
m4929,f7104
m16492,f9550
m11144,f9312
m11665,f11955
m6604,f10801
m11676,f3927
m2568,f4551
m12292,f12610
m5635,f8247
m4383,f537
m7932,f9496
m12404,f12526
m17057,f4379
m13040,f17830
m1472,f16191
m16816,f8419
m6395,f13076
m5831,f8727
m17993,f9058
m922,f5996
m12713,f17340
m5846,f7594
m17649,f4050
m18271,f16822
m5937,f8207
m6089,f5252
m6472,f12644
m4120,f4218
m10692,f3150
m1092,f5236
m9531,f2935
m6773,f14201
m143,f4405
m7855,f18258
m15522,f7200
m17776,f14279
m6147,f14302
m8697,f4740
m17051,f7764
m10218,f11805
m133,f17652
m18232,f13655
m17214,f3847
m8276,f11250
m10421,f17427
m12303,f6309
m12587,f439
m1596,f2110
m13173,f2168
m6343,f14511
m10582,f551
m3244,f7177
m13835,f1222
m10182,f10922
m2505,f16825
m10608,f9452
m10420,f12715
m2465,f4449
m10290,f3494
m16977,f12295
m17681,f12458
m11141,f3978
m6593,f16478
m5037,f16119
m13397,f4196
m18414,f13253
m9825,f8298
m6459,f5446
m11527,f5099
m17910,f1160
m3750,f9921
m15445,f17941
m7149,f3279
m17237,f7013
m10911,f1447
m10450,f2846
m6346,f11721
m8763,f12212
m12768,f10179
m12136,f14568
m17309,f409
m10001,f10223
m17349,f876
m11658,f1389
m16137,f14252
m1926,f12355
m7742,f2557
m5547,f368
m10261,f1122
m9676,f14812
m6858,f2893
m9829,f3416
m12845,f880
m7906,f6308
m11632,f10551
m4385,f12114
m9877,f12592
m11912,f6152
m4727,f3665
m11322,f6783
m7316,f14175
m9092,f15824
m4939,f11826
m13060,f16248
m4341,f6790
m5386,f8528
m11243,f15833
m12416,f5508
m5261,f3966
m12671,f4382
m14117,f12797
m8841,f12424
m2692,f7901
m18001,f6100
m7444,f11194
m11491,f15735
m8664,f4961
m9563,f14046
m9257,f4543
m12354,f17799
m16318,f5249
m7210,f4729
m6720,f10169
m6627,f5497
m9669,f6464
m4368,f2470
m13780,f16406
m13796,f8808
m5182,f10305
m13213,f15349
m16133,f4425
m8636,f5329
m9340,f9429
m11196,f11122
m13932,f15383
m7637,f6077
m14733,f12843
m10056,f6263
m10217,f17774
m2567,f5631
m17865,f17635
m9965,f14916
m10520,f15195
m10674,f1166
m10928,f5937
m4995,f15902
m4972,f17521
m16528,f13239
m10925,f17279
m8828,f10089
m6963,f11245
m13263,f6769
m3443,f6267
m18264,f13746
m13865,f6316
m5934,f10353
m9687,f2941
m9320,f15904
m17673,f7210
m10936,f13652
m12123,f2640
m7919,f8176
m18097,f2952
m13027,f17263
m14585,f6990
m12904,f1123
m13543,f6123
m17702,f10433
m8736,f3063
m12941,f5743
m6302,f8039
m8096,f1505
m5920,f3642
m10096,f7270
m17250,f10348
m3435,f8145
m6809,f11783
m5100,f3267
m16690,f369
m747,f14135
m6020,f18466
m1460,f4118
m8349,f4498
m6326,f4999
m2856,f4321
m5675,f13227
m8386,f1403
m15980,f4207
m11812,f7035
m9173,f15015
m2963,f14802
m9428,f16374
m8700,f8978
m6741,f14100
m3238,f4102
m9333,f13371
m18056,f5205
m4309,f18246
m17288,f10875
m8789,f8788
m2918,f3040
m6764,f3702
m2776,f10732
m4159,f8283
m4356,f11107
m10437,f2197
m11334,f18488
m6768,f9620
m9364,f14103
m8792,f16898
m9612,f12642
m8128,f9433
m3734,f2408
m10466,f16279
m15731,f3325
m8420,f2363
m16861,f2205
m14771,f13723
m1369,f8026
m7924,f10308
m12435,f2178
m16474,f1725
m2173,f14994
m12762,f6846
m4561,f15138
m2457,f9177
m12714,f18188
m14761,f12572
m1073,f7315
m7269,f3657
m7455,f15867
m3404,f1401
m8056,f3313
m5174,f11557
m666,f4925
m13394,f11920
m13216,f10051
m13472,f5542
m2899,f7017
m4134,f13658
m12729,f2747
m13625,f5563
m11617,f18183
m16985,f17040
m7379,f15423
m16619,f17269
m6146,f9792
m612,f13640
m16426,f4283
m3850,f6983
m3611,f5755
m9710,f7300
m8293,f10314
m8582,f7135
m10670,f16442
m9202,f14259
m501,f1028
m4345,f17238
m9154,f10932
m4696,f1429
m2615,f7732
m12027,f16407
m5186,f12031
m16002,f364
m11837,f18093
m4875,f13424
m1267,f18283
m5693,f12091
m11423,f16952
m16884,f5748
m11089,f5255
m213,f15883
m7342,f4299
m6261,f152
m7325,f12061
m9720,f12216
m13004,f13501
m2316,f15492
m12902,f13139
m6829,f15925
m9149,f2085
m10270,f15648
m7475,f1830
m10024,f9762
m14131,f9615
m11914,f2326
m5050,f6689
m7502,f2808
m11106,f15527
m17815,f3673
m13039,f6757
m3740,f11388
m3958,f7128
m5562,f15615
m12100,f14245
m7733,f8297
m9941,f1578
m8375,f15485
m9021,f7046
m9502,f882
m14436,f8815
m6587,f1624
m13113,f3610
m9258,f692
m14316,f324
m12204,f17743
m7193,f2497
m7991,f11660
m5848,f15807
m12992,f16195
m1175,f16188
m17944,f371
m12857,f5460
m9330,f1050
m5464,f17856
m9555,f14921
m9540,f7320
m5534,f5104
m9444,f10973
m13081,f6831
m4558,f17859
m14596,f7160
m2339,f9288
m2182,f11735
m6241,f3740
m4943,f2870
m14118,f6745
m8980,f9023
m16640,f16922
m16896,f8928
m6761,f16201
m14248,f2298
m10167,f6451
m16859,f17731
m17113,f7861
m10961,f10194
m11690,f1510
m7987,f3400
m14473,f18301
m10867,f1453
m13887,f2849
m17570,f6420
m11758,f1852
m11834,f1142
m13431,f2397
m14231,f5024
m10833,f9871
m5721,f5180
m8528,f11520
m16995,f15007
m9420,f12792
m11154,f10834
m7858,f11470
m17803,f13280
m10511,f11179
m9524,f14312
m6665,f18397
m8478,f10084
m3615,f7497
m12153,f6108
m3622,f2638
m9430,f17493
m2073,f14179
m6184,f4591
m3631,f2602
m8891,f13390
m8042,f10324
m677,f14764
m4495,f16670
m9989,f632
m14926,f1637
m8663,f9895
m10077,f9705
m7764,f10142
m5863,f6260
m11779,f9604
m819,f13659
m2648,f8306
m16889,f4522
m1162,f16714
m11198,f12277
m18308,f2207
m10149,f6613
m5094,f14948
m2171,f7787
m15406,f11273
m3901,f11109
m1976,f3867
m1763,f8858
m13343,f8274
m9955,f2929
m6005,f5760
m12606,f5479
m12077,f12241
m16952,f12342
m18200,f4658
m5965,f9972
m10374,f5031
m13764,f13366
m6573,f8437
m7718,f3779
m11110,f6306
m8906,f5805
m8281,f5283
m10592,f5791
m12456,f4362
m10062,f7368
m6136,f18244
m15259,f17483
m8721,f7709
m15729,f1607
m12710,f11082
m6114,f942
m11772,f17163
m5650,f9577
m11718,f7872
m7548,f8781
m11113,f6812
m17669,f7874
m7908,f3767
m7543,f4387
m10184,f1908
m17717,f1298
m17030,f8757
m15199,f4529
m16920,f17562
m6815,f81
m7489,f13968
m17691,f10213
m17701,f3525
m12346,f8752
m6007,f13634
m2730,f9132
m12475,f3042
m6821,f17534
m17249,f13753
m7777,f1395
m13050,f2629
m12705,f16589
m2917,f1631
m13241,f1955
m17802,f11516
m6498,f12330
m7826,f5807
m7294,f16737
m6376,f246
m2042,f4725
m11097,f2685
m9179,f11786
m17901,f15619
m14076,f5088
m4620,f15652
m17290,f10725
m2215,f2047
m511,f4298
m16479,f7164
m9998,f12829
m7343,f17835
m5060,f12478
m12574,f14420
m3947,f1460
m17808,f2609
m16453,f6711
m16616,f5206
m8580,f14037
m11116,f14847
m8581,f18284
m15029,f6809
m10971,f9810
m1944,f10812
m3973,f367
m9930,f16791
m17847,f8673
m7828,f11428
m7021,f5822
m6708,f5495
m11605,f8136
m16514,f4748
m7671,f301
m4828,f736
m17739,f15794
m6760,f10914
m4935,f6621
m11560,f16194
m5260,f6680
m1364,f18033
m10113,f18048
m10659,f11373
m8805,f10125
m7415,f15148
m2321,f6868
m5431,f8036
m5111,f977
m13678,f173
m12832,f11380
m14882,f149
m9908,f9491
m8257,f10345
m12638,f15422
m18086,f6567
m16590,f2253
m10898,f17752
m4206,f17036
m16913,f10058
m18395,f4628
m8437,f3643
m16931,f17189
m3467,f14493
m16253,f16855
m7661,f13822
m1773,f3236
m7454,f7429
m10826,f6854
m7539,f14237
m9196,f3762
m2301,f3965
m5004,f7578
m3635,f10790
m15748,f9591
m5930,f7995
m7164,f5064
m6238,f17291
m6051,f2063
m7141,f702
m7056,f10999
m12058,f8729
m10388,f14209
m5166,f18298
m16205,f6300
m13840,f16365
m13813,f17733
m17269,f11789
m15686,f5424
m16908,f12248
m12469,f10337
m12281,f2687
m4681,f12037
m1898,f12702
m11175,f12790
m11099,f10736
m853,f1394
m5393,f8142
m7374,f16605
m15154,f10680
m4517,f10231
m7668,f17639
m5468,f12450
m5858,f9602
m9650,f12493
m9265,f4654
m16867,f5416
m6729,f3974
m3790,f10935
m7553,f18378
m6929,f9504
m5795,f2165
m14535,f9533
m17120,f17880
m16633,f5742
m17411,f7030
m12267,f6456
m8172,f806
m17080,f9344
m6533,f5834
m14165,f1832
m13003,f14537
m10128,f13062
m4362,f8066
m14780,f727
m4918,f8778
m10109,f12566
m7023,f6537
m5879,f13099
m2860,f355
m7985,f17414
m4407,f5462
m8127,f4044
m17163,f4022
m15460,f7809
m11652,f2148
m18240,f13010
m3858,f8919
m4768,f13636
m17599,f15937
m3776,f17942
m17522,f7480
m16613,f15394
m9249,f10070
m11659,f891
m9153,f10700
m4065,f11880
m3245,f13
m7781,f11708
m6018,f8244
m6333,f5477
m9719,f7763
m10824,f10225
m849,f9722
m3774,f5018
m15219,f12912
m1994,f2216
m3550,f14605
m12274,f11833
m4151,f6366
m8530,f7773
m1730,f794
m10618,f13586
m5578,f2981
m5645,f11137
m14187,f37
m10084,f15671
m7434,f16767
m306,f3094
m12749,f17852
m10828,f8903
m13573,f1048
m7844,f15842
m6486,f7868
m9508,f15064
m12060,f1976
m6638,f15063
m11918,f8893
m4634,f12589
m5608,f14118
m5220,f530
m2394,f17080
m6778,f697
m8590,f10435
m11856,f3655
m14190,f12525
m13589,f5954
m3806,f3540
m17879,f12675
m9127,f4850
m16998,f12074
m8732,f11022
m13516,f10464
m10400,f17207
m3584,f13651
m1411,f3995
m12518,f1766
m17938,f9547
m10765,f14580
m17227,f13101
m12018,f5181
m16621,f15839
m1468,f14339
m6547,f8943
m4295,f6802
m14075,f15882
m13207,f5938
m17954,f12536
m2645,f15387
m9201,f11776
m11554,f17301
m8836,f1335
m13498,f908
m7310,f3550
m5215,f14385
m8433,f9039
m13784,f13301
m5908,f5546
m3481,f4090
m8430,f15736
m10106,f5625
m14371,f11120
m13453,f12083
m14980,f16010
m3418,f1494
m11156,f11802
m7497,f2235
m14389,f3645
m7518,f9882
m11688,f4166
m8159,f4492
m5833,f8148
m11831,f16067
m9362,f5533
m17726,f14489
m15070,f8520
m11027,f13344
m4388,f15963
m6424,f15472
m16266,f13140
m9566,f13409
m17813,f18110
m14103,f3466
m6297,f17039
m18190,f15728
m16814,f1167
m9696,f2643
m16533,f6969
m6004,f6426
m9680,f4412
m2154,f14331
m627,f7731
m7835,f12787
m1064,f6285
m7971,f5720
m9888,f16653
m3686,f134
m893,f16298
m9804,f256
m11431,f9362
m6153,f3845
m8418,f3748
m5882,f2215
m13925,f14281
m6197,f15415
m10383,f14607
m12072,f1436
m5507,f7650
m2953,f402
m12538,f8129
m13960,f2064
m13888,f4159
m6971,f16629
m2769,f4896
m11598,f17558
m10975,f6467
m9119,f6191
m6299,f4432
m5043,f701
m4030,f3166
m16838,f10074
m1878,f9235
m7338,f3322
m3576,f3103
m13641,f13127
m12753,f18108
m7678,f13159
m13931,f4455
m13505,f4464
m11713,f2858
m9675,f3389
m16238,f13645
m4469,f15005
m1178,f6837
m6019,f6071
m8507,f15814
m9515,f2797
m16938,f8738
m6413,f12508
m16586,f12509
m5371,f9830
m8620,f17576
m5872,f16603
m5624,f9352
m18272,f6742
m9345,f6599
m2738,f5164
m3506,f12486
m1280,f14785
m9406,f14224
m2516,f4415
m4186,f12160
m8845,f13972
m13348,f2193
m10899,f18274
m10249,f15250
m2082,f9628
m7565,f15911
m12422,f16870
m8193,f18166
m10397,f8870
m3797,f6085
m14774,f1047
m10600,f392
m10073,f5601
m9458,f8902
m4512,f5871
m16057,f17197
m14080,f11742
m4813,f6227
m6260,f13137
m8571,f1926
m15637,f264
m10499,f15410
m10621,f18341
m12906,f16901
m12154,f10201
m1220,f11829
m5712,f306
m10247,f11462
m6686,f11929
m10013,f14342
m5570,f8948
m16196,f9415
m8744,f14318
m9450,f11357
m10537,f12735
m4431,f1283
m4753,f9873
m13828,f10437
m9590,f3661
m5379,f11590
m7738,f10050
m13837,f6455
m10915,f2236
m11523,f10749
m17725,f17416
m5093,f14576
m17222,f10580
m9600,f16585
m8049,f5033
m4991,f3826
m6175,f9807
m16992,f14522
m17125,f2281
m4233,f9478
m5163,f8022
m6775,f9142
m9697,f6862
m6911,f13138
m14821,f15204
m3107,f1827
m9791,f15137
m18117,f12915
m4017,f13487
m7613,f6779
m17876,f6751
m10243,f10963
m16077,f11170
m10635,f13236
m5994,f13631
m14713,f11615
m5481,f1943
m9400,f15304
m17922,f8182
m12663,f7110
m7178,f3817
m7411,f2836
m12219,f14172
m5610,f4029
m13496,f4444
m14063,f12209
m5741,f17573
m15238,f17790
m11422,f8950
m4079,f12990
m2703,f6722
m9114,f9045
m10729,f9556
m11591,f9026
m14499,f3399
m17368,f12030
m8871,f12055
m7085,f677
m14927,f5436
m7676,f10569
m3536,f17456
m2610,f12383
m2141,f11993
m3513,f5749
m16384,f7097
m8850,f5729
m11434,f5576
m15266,f196
m12114,f13086
m10296,f10238
m17266,f14419
m13421,f1022
m3796,f16052
m13903,f10448
m17956,f7114
m8902,f16611
m9366,f4026
m12703,f16231
m3394,f3422
m10229,f4322
m10071,f446
m10989,f10370
m10232,f16146
m5078,f8053
m12238,f17186
m7045,f18349
m9005,f17591
m4552,f5397
m16497,f8574
m5877,f17577
m17994,f13578
m18094,f12535
m11332,f18500
m17346,f14256
m11060,f14899
m18194,f18221
m7554,f13961
m6295,f2850
m4826,f3352
m13402,f1161
m12420,f2280
m7581,f15134
m14377,f12756
m11514,f4771
m2605,f4936
m8510,f165
m15999,f7158
m8322,f13915
m12896,f10946
m4222,f1739
m7968,f2344
m6905,f13899
m13044,f11705
m7740,f17949
m9586,f14077
m6524,f6758
m4510,f14906
m4794,f5299
m12466,f10554
m17455,f3631
m10228,f12281
m14097,f16170
m12522,f12976
m6168,f9063
m17363,f8924
m7595,f18441
m17158,f4247
m13252,f11712
m7890,f10430
m6622,f3126
m13224,f13316
m7789,f680
m10119,f9806
m8190,f1256
m12605,f18036
m15186,f17132
m17031,f14008
m10973,f15450
m16885,f12048
m10740,f12880
m11059,f3284
m2,f883
m5763,f5081
m7847,f15919
m17448,f11906
m5314,f7821
m7796,f17785
m10712,f6217
m4181,f468
m6126,f3662
m7756,f15270
m6454,f13760
m17423,f777
m18423,f7807
m1416,f4537
m1479,f16614
m7719,f6963
m10836,f12053
m10046,f11201
m6769,f16272
m10820,f16948
m6592,f9920
m9322,f7121
m5110,f14579
m8656,f10036
m13687,f18423
m7131,f15265
m4545,f8542
m3791,f15260
m9946,f17468
m1573,f16219
m4343,f7588
m11841,f16695
m16275,f5911
m11755,f12661
m16681,f4701
m14210,f1103
m4244,f15639
m4076,f7048
m1482,f14807
m17777,f4806
m10505,f13846
m7857,f10034
m12391,f12752
m17612,f11243
m2129,f15339
m5702,f17253
m11484,f11149
m5230,f9663
m3308,f7124
m17467,f10128
m3438,f10097
m18398,f6925
m7994,f1178
m9505,f4047
m3800,f7932
m1119,f5345
m12062,f6570
m3886,f4254
m10607,f482
m6618,f6315
m5869,f1575
m11001,f3658
m11730,f4278
m1197,f16087
m16389,f13590
m3755,f13724
m18199,f13928
m13251,f1672
m2203,f17378
m16817,f4253
m5102,f10306
m3388,f12492
m10728,f16147
m8271,f16360
m6658,f9061
m5684,f4198
m12186,f18007
m5349,f17370
m3580,f2923
m7605,f15820
m3361,f10000
m17067,f15770
m11843,f14277
m16986,f13745
m7899,f4420
m2660,f2282
m12197,f3105
m11184,f861
m11380,f4935
m11582,f943
m3178,f7691
m5095,f12379
m11189,f7704
m10246,f9377
m10731,f13872
m3459,f16756
m5583,f15254
m4664,f18276
m8083,f13689
m8077,f15991
m7617,f6654
m9204,f15821
m10146,f1269
m13682,f6173
m8726,f10961
m8969,f7683
m497,f16172
m5756,f9137
m797,f7240
m8499,f8326
m4049,f7864
m13253,f6112
m17160,f12703
m12106,f5886
m14684,f16869
m14693,f11378
m18033,f9731
m4609,f10579
m2421,f13011
m3855,f11729
m13845,f1036
m14643,f6708
m10370,f7345
m6713,f6540
m6137,f8747
m5266,f8741
m17763,f5824
m7055,f11834
m7569,f8127
m7458,f2311
m12308,f7077
m6953,f15829
m9434,f17587
m3250,f6295
m9789,f14557
m6597,f2361
m16255,f16778
m17420,f7849
m3371,f11610
m6180,f8166
m17914,f14529
m2046,f1087
m11355,f5710
m1987,f3450
m2319,f9925
m16787,f13919
m8213,f14177
m4364,f8051
m2100,f4926
m2995,f10425
m16047,f7911
m16034,f13858
m975,f17171
m2762,f2369
m10871,f5123
m5744,f16325
m11771,f896
m9090,f2105
m9100,f13531
m9778,f2077
m5499,f9
m11633,f1758
m2725,f2845
m5949,f18129
m13719,f7452
m4860,f3492
m10110,f5930
m17333,f13473
m17228,f17394
m5992,f6993
m8472,f274
m5267,f191
m17200,f14249
m5198,f15849
m9214,f15888
m17826,f13251
m4936,f6229
m3284,f11338
m1803,f1844
m7601,f4799
m11908,f11709
m4805,f1176
m8487,f16861
m8104,f10419
m13567,f4396
m10424,f12827
m7510,f1749
m10049,f6177
m5497,f15947
m17374,f4238
m5770,f5207
m17360,f8882
m5692,f6562
m16624,f556
m11493,f6060
m15862,f9221
m4894,f4442
m11290,f3156
m10844,f13191
m8917,f12272
m1402,f1583
m14160,f4865
m3789,f7113
m17973,f14654
m3324,f11682
m13,f472
m9786,f330
m6598,f9699
m16058,f658
m16302,f2436
m16477,f15106
m18370,f10951
m5079,f4124
m5368,f2991
m13959,f8340
m2965,f3286
m1830,f4870
m8601,f13948
m7296,f9745
m8901,f15536
m5134,f4904
m4820,f11098
m10165,f11570
m17079,f8607
m9644,f3478
m3980,f2708
m11269,f6579
m2238,f4372
m14098,f9096
m13125,f12961
m11411,f2416
m9950,f8946
m5662,f3832
m8635,f13831
m5735,f11702
m8414,f2669
m91,f8538
m1750,f7003
m16,f17125
m10475,f9261
m6493,f8593
m18050,f5297
m12158,f13175
m9705,f18416
m17576,f9448
m14013,f1101
m10301,f893
m6795,f12080
m17695,f8316
m4330,f16484
m10354,f4891
m7541,f13735
m10811,f10444
m16343,f3355
m15541,f11336
m11312,f5235
m9575,f5308
m5545,f3794
m15920,f9151
m1513,f3297
m7168,f5128
m755,f9283
m6519,f5510
m17711,f12683
m12120,f8117
m5659,f6025
m8536,f6399
m10373,f10714
m10488,f4582
m10356,f9337
m11881,f9820
m5152,f10820
m4997,f5869
m17438,f17946
m16195,f555
m3529,f390
m15672,f3268
m12783,f11118
m5440,f198
m12381,f17330
m8890,f18334
m16385,f5153
m4128,f4625
m10678,f3364
m10147,f4599
m7041,f14314
m15719,f16849
m11637,f13510
m6207,f17193
m8093,f15318
m10953,f16933
m17337,f253
m10934,f4841
m7095,f4368
m17313,f17869
m13781,f14750
m5142,f7367
m13035,f15792
m14298,f1757
m12873,f11104
m12584,f4751
m13751,f11404
m17212,f9034
m7881,f6683
m7362,f249
m9753,f1265
m10526,f9815
m15038,f6603
m17913,f9490
m16516,f17101
m10594,f8256
m13913,f2299
m8377,f2359
m9117,f8271
m5122,f11332
m4492,f9760
m256,f7224
m16961,f4310
m10142,f3058
m11502,f5942
m16695,f4598
m15683,f4714
m10981,f10259
m12176,f283
m8411,f15873
m4042,f1060
m5989,f15211
m5437,f17556
m6867,f7410
m10769,f15483
m17855,f6019
m10495,f445
m184,f1309
m4366,f7644
m3065,f11464
m15135,f10300
m14114,f5827
m1186,f849
m15078,f13408
m1587,f1655
m8164,f11348
m8670,f599
m398,f2243
m16795,f15610
m1262,f13712
m675,f8451
m2368,f2726
m7153,f8517
m16017,f15755
m6085,f4611
m15319,f5449
m6291,f8002
m10817,f5772
m6149,f9294
m4866,f15298
m9837,f12716
m5984,f11060
m16257,f2309
m7532,f3700
m6436,f6372
m6881,f17544
m7997,f9336
m8826,f1565
m17414,f2254
m1738,f11461
m7453,f763
m11629,f6877
m5462,f4939
m7898,f11957
m18099,f15914
m17211,f13425
m11236,f11241
m9756,f11092
m4498,f1569
m9004,f5351
m5168,f6465
m7628,f8290
m8045,f2696
m17732,f9422
m10707,f15857
m17646,f8439
m14617,f5681
m9932,f9606
m12697,f3291
m17311,f15401
m14420,f14640
m12917,f135
m10754,f594
m15172,f1912
m11205,f11457
m10734,f13147
m5705,f3553
m12419,f9614
m18098,f7887
m17963,f18401
m8605,f8024
m443,f247
m6062,f6347
m2195,f15594
m18494,f7472
m8985,f12806
m17845,f7021
m15157,f12800
m14914,f13663
m16585,f8812
m2524,f6512
m11128,f6539
m17672,f1130
m682,f15057
m14463,f15838
m16189,f1759
m4523,f1794
m14707,f4707
m17623,f1587
m2127,f18394
m15178,f11918
m2511,f2880
m6282,f6373
m1917,f11097
m12647,f18162
m7852,f187
m8794,f9516
m4518,f5582
m12822,f5213
m14808,f6815
m4372,f11583
m4422,f4536
m10197,f3745
m13362,f1966
m13231,f5452
m8662,f4304
m9728,f4541
m12245,f9814
m13951,f18406
m4284,f11400
m16807,f499
m6884,f18085
m5747,f8208
m1287,f2500
m6362,f17976
m11631,f388
m16372,f6922
m7091,f12835
m17445,f7398
m10905,f15201
m9142,f5417
m13928,f448
m10812,f2355
m6520,f15602
m17183,f12613
m10766,f10059
m16342,f1210
m8231,f8301
m8138,f3164
m4440,f3173
m7027,f16344
m9336,f18294
m12283,f3654
m15893,f1341
m12434,f8222
m17485,f5841
m9300,f18214
m3147,f2305
m4596,f7689
m10585,f17061
m10053,f11185
m2078,f14451
m8641,f6481
m16482,f6686
m10862,f1616
m8760,f17168
m14095,f9529
m6908,f5677
m10672,f2153
m9984,f11876
m7499,f14326
m10090,f561
m3853,f13237
m8612,f10215
m8741,f6541
m13418,f14667
m16174,f514
m11139,f18010
m7782,f16132
m6974,f1918
m10212,f8782
m1945,f2121
m11657,f3873
m8928,f3448
m17998,f16947
m13804,f5623
m39,f1512
m11066,f932
m2671,f8670
m86,f17726
m303,f9334
m10435,f15399
m4137,f17015
m14626,f13412
m17537,f1610
m17365,f12076
m9148,f11084
m2807,f11514
m13019,f9048
m4605,f17848
m5082,f3383
m9001,f11938
m9843,f5913
m10059,f10283
m10360,f1580
m5922,f13970
m4324,f11154
m4628,f13550
m17644,f12097
m16757,f3142
m16790,f722
m17852,f1753
m13493,f5655
m17496,f3633
m16546,f4364
m16434,f5109
m17083,f13391
m12976,f10995
m5990,f14644
m794,f8806
m8970,f7000
m8739,f14521
m55,f5832
m9093,f1690
m17155,f12292
m5714,f13529
m3058,f8692
m12848,f12117
m7072,f4155
m8759,f3815
m6183,f11962
m3657,f17166
m14065,f12711
m17384,f10099
m6763,f3689
m9209,f6668
m6176,f13742
m12519,f6517
m14833,f1733
m10019,f16689
m8722,f2699
m8053,f12179
m9205,f16115
m13455,f2909
m6467,f16069
m18501,f3737
m4907,f13551
m9622,f12853
m3419,f12730
m10552,f16697
m11284,f6017
m18124,f16190
m8576,f12235
m15258,f7710
m13015,f13015
m4919,f18429
m14146,f11251
m8130,f15065
m9285,f11227
m8204,f3223
m8945,f1163
m6989,f2705
m5548,f705
m8650,f6280
m6106,f7965
m5771,f18259
m16422,f3703
m12390,f10690
m18078,f7086
m13156,f13571
m6724,f7307
m11178,f12188
m14250,f2448
m5808,f3881
m17393,f1237
m7552,f12881
m6754,f10073
m7090,f14655
m4837,f7674
m5701,f6061
m6941,f6181
m8811,f15111
m8575,f9059
m9237,f11363
m5098,f16925
m7658,f14107
m5157,f305
m12506,f10930
m14530,f10272
m14793,f3744
m10640,f13233
m9197,f2611
m12172,f1691
m8463,f13458
m6086,f16876
m16431,f18309
m8353,f156
m13639,f13944
m9352,f11383
m5688,f12316
m7467,f16508
m8199,f6652
m16509,f2003
m14767,f4062
m16508,f17969
m4547,f5165
m10478,f18089
m5782,f13620
m14889,f13656
m2825,f5957
m17692,f18302
m7549,f4131
m9076,f9618
m9731,f15809
m7872,f8529
m4427,f7771
m3129,f16493
m17604,f16031
m6703,f16676
m6865,f15487
m8315,f5379
m7046,f1513
m16460,f7096
m7587,f4008
m4213,f7239
m9957,f4209
m10379,f14944
m13390,f8386
m6789,f15403
m8462,f14790
m12474,f17462
m8710,f3278
m12148,f14242
m12325,f1294
m10864,f10702
m2216,f4195
m18058,f8963
m2490,f1928
m4699,f2975
m1067,f10662
m7856,f13315
m6422,f12303
m5748,f6947
m5020,f8518
m15954,f5793
m3343,f7625
m7814,f10917
m7988,f16364
m4311,f14949
m8509,f1845
m7651,f17670
m12807,f17312
m4100,f12020
m12051,f14150
m2728,f3249
m18223,f5118
m1902,f9143
m16350,f17955
m3885,f8621
m8733,f13122
m16515,f838
m6828,f412
m308,f14174
m3912,f13393
m347,f10863
m12476,f16852
m9535,f8961
m14783,f5686
m13071,f12262
m6113,f94
m8930,f11969
m9838,f15323
m2664,f5688
m16847,f17448
m8564,f8178
m6144,f9113
m17564,f2158
m9581,f17436
m11103,f8594
m2685,f10368
m7547,f16162
m2314,f7758
m18139,f14093
m12817,f17069
m8306,f9720
m4748,f6807
m7666,f11212
m2929,f584
m17827,f11484
m14241,f16160
m8999,f14176
m3312,f4027
m17750,f8399
m18278,f1000
m17992,f13677
m14840,f16722
m18410,f13339
m5816,f7371
m6842,f3778
m13002,f5036
m8392,f8591
m12996,f14555
m7885,f14336
m12055,f31
m5038,f10668
m10364,f17744
m2799,f8560
m14501,f11073
m16243,f8224
m17316,f13305
m9865,f1605
m11274,f17345
m12088,f5662
m12772,f14696
m7993,f7394
m7967,f8803
m10293,f3595
m17256,f6240
m13357,f17083
m2832,f8583
m8292,f809
m12520,f1014
m16033,f11276
m17105,f3920
m7935,f14878
m16135,f13726
m6634,f12410
m9043,f7884
m17287,f4211
m17081,f7022
m4081,f3311
m6531,f6050
m12631,f7779
m11736,f1574
m10417,f1724
m11815,f16556
m15012,f4843
m7867,f5045
m4501,f1760
m12039,f7611
m17297,f3566
m7004,f15172
m6805,f17512
m6936,f8695
m5900,f8384
m4990,f17110
m17786,f14759
m2871,f6894
m6229,f7225
m17024,f4594
m7792,f3472
m7028,f90
m11894,f3266
m5487,f4592
m1438,f16608
m4962,f4832
m5781,f15044
m5524,f18391
m7916,f11398
m4395,f1611
m10851,f8020
m14413,f11950
m1250,f12972
m7482,f12293
m11712,f8991
m8004,f1029
m16822,f12587
m10524,f10352
m7166,f6477
m2649,f6557
m3187,f9869
m4444,f9369
m12532,f11472
m14382,f3185
m2897,f11091
m1683,f617
m8988,f9850
m18520,f12387
m4132,f5060
m13853,f5343
m17569,f12813
m5333,f8977
m2581,f14991
m6028,f5008
m13956,f4590
m13693,f11803
m2879,f12210
m3234,f10740
m9191,f7963
m7234,f5370
m8586,f8159
m4406,f10528
m17834,f15658
m10547,f11217
m10260,f17821
m11607,f11959
m13083,f8817
m11944,f8079
m12485,f428
m9217,f14931
m16193,f9990
m11739,f9240
m5929,f18132
m802,f13470
m16976,f11344
m17972,f8521
m4196,f12017
m7996,f14639
m8830,f1352
m3619,f4770
m4653,f11696
m10002,f13257
m11046,f10457
m11213,f13254
m11426,f10953
m6392,f12516
m10496,f14049
m13304,f17885
m16915,f8322
m11428,f9908
m3300,f10972
m6660,f10309
m9746,f8690
m3835,f2920
m4224,f8570
m3778,f266
m12102,f7011
m11655,f11689
m7760,f3429
m6083,f1937
m7474,f17057
m9963,f5820
m6492,f5909
m3900,f16422
m6679,f541
m354,f2383
m1625,f3436
m17201,f686
m5585,f4924
m8718,f3732
m4199,f11354
m13790,f4314
m13879,f7823
m5227,f15526
m2431,f17514
m12065,f6097
m6388,f3670
m15768,f2723
m1834,f5692
m16170,f14821
m14154,f3378
m15403,f14432
m9236,f9552
m10755,f17396
m10021,f11318
m5933,f13503
m17634,f3395
m15210,f11999
m2686,f16912
m17532,f11594
m12681,f7659
m16583,f766
m14467,f12783
m6484,f8312
m14978,f14269
m10504,f12817
m996,f9536
m2959,f5296
m10125,f16839
m17693,f10008
m3932,f4730
m11977,f2989
m6227,f2549
m9727,f9244
m3589,f1751
m3015,f13494
m6072,f10420
m14336,f7841
m5843,f4817
m12577,f9660
m7910,f10461
m2777,f15972
m7003,f707
m1840,f12998
m3403,f8540
m9626,f18046
m12802,f10506
m4285,f84
m17044,f171
m8249,f4860
m8568,f9671
m9392,f9634
m13473,f2834
m11611,f10184
m10984,f8295
m6331,f8308
m10409,f2358
m2160,f15958
m17730,f7428
m18387,f1662
m2083,f9757
m12173,f12684
m885,f10214
m10676,f12570
m5698,f4094
m16921,f9924
m6933,f1593
m10568,f17612
m4119,f7668
m9497,f2068
m10070,f2144
m16028,f2265
m3176,f6249
m3759,f14782
m3087,f5535
m4975,f18516
m7066,f13998
m5755,f8910
m18081,f8774
m8124,f1370
m11586,f4437
m13793,f17400
m12555,f9202
m8785,f3638
m10176,f14260
m11861,f6014
m12988,f9927
m377,f17474
m16260,f16779
m12405,f4264
m8806,f2792
m10735,f2159
m6148,f8710
m14212,f5887
m4527,f145
m9591,f4872
m18064,f13662
m17027,f15068
m5086,f12761
m6011,f18076
m12859,f15418
m12347,f17381
m8679,f9245
m11882,f13266
m5603,f4919
m8441,f15156
m4882,f8708
m7649,f16294
m6681,f1920
m10666,f9727
m18207,f13896
m4194,f1129
m11339,f2478
m12358,f720
m11342,f5838
m6874,f4117
m3768,f11010
m9083,f9803
m6469,f14374
m5434,f17000
m932,f16490
m3519,f8912
m13446,f9996
m8782,f13094
m17000,f13883
m13208,f15419
m10623,f16897
m17457,f800
m11467,f9736
m7207,f16965
m11583,f1538
m18359,f9398
m7259,f4600
m1647,f5899
m8745,f13841
m3738,f9923
m7564,f14248
m9863,f688
m9159,f6709
m4765,f3283
m17418,f9849
m13020,f3427
m13143,f6784
m8360,f8525
m13101,f3987
m10802,f4099
m16204,f5268
m8330,f1097
m8081,f5093
m4063,f10585
m18052,f12527
m14424,f3749
m5364,f11096
m16704,f14854
m416,f17024
m12372,f407
m18147,f7237
m7398,f7251
m11363,f7617
m10336,f15437
m8689,f6658
m8951,f9635
m17809,f17239
m17444,f1184
m12983,f3976
m13574,f15669
m17832,f267
m15994,f12349
m10200,f4570
m1234,f18150
m9122,f10336
m9541,f12464
m6143,f12434
m5216,f7435
m6626,f646
m17996,f16112
m6603,f3227
m7445,f11405
m9158,f16221
m2132,f14065
m10439,f1675
m13048,f1634
m7205,f5264
m6222,f7801
m1225,f6899
m8112,f5303
m17867,f13008
m8428,f16928
m12786,f2946
m11253,f11209
m7228,f8260
m5893,f11195
m11018,f1286
m9743,f3326
m12239,f17162
m14743,f6770
m1753,f3968
m9534,f4680
m11094,f5269
m7563,f16917
m13415,f8981
m12406,f8688
m3893,f3032
m11683,f17705
m13983,f7511
m7702,f9804
m14144,f13168
m8565,f3376
m8180,f16055
m1501,f16512
m11365,f2011
m2906,f3791
m7863,f10545
m9303,f18195
m17463,f8484
m9299,f11676
m5589,f6264
m1383,f15549
m17616,f15445
m8886,f12741
m828,f6821
m3826,f2537
m3039,f2830
m9978,f14562
m17197,f17917
m5324,f2829
m2722,f4485
m4830,f11301
m13484,f5716
m16565,f10815
m5533,f4021
m5259,f3064
m9227,f10895
m7929,f12090
m3392,f18497
m15229,f1927
m6466,f14504
m3142,f761
m5758,f4363
m16579,f4076
m17651,f7673
m17524,f16122
m13273,f7109
m8598,f11778
m3240,f8597
m7586,f6563
m12715,f8070
m2038,f11856
m15642,f6655
m8704,f5696
m11585,f17937
m12181,f9122
m14974,f411
m15911,f13174
m2342,f17007
m11753,f5767
m8296,f13774
m9976,f15300
m4993,f4000
m13375,f13790
m9443,f9006
m13529,f9916
m11714,f7269
m4499,f4032
m3520,f14022
m9545,f10346
m11017,f12552
m16013,f4240
m5786,f13078
m10878,f8730
m7332,f163
m14564,f14752
m8034,f4596
m5115,f595
m410,f17878
m14941,f8785
m11546,f13193
m6312,f3031
m3993,f8007
m13844,f136
m9247,f16727
m7102,f17178
m9374,f2930
m12617,f4894
m7044,f15468
m6281,f13389
m9739,f8270
m11525,f13758
m1931,f3071
m13816,f12936
m10941,f15542
m2340,f3141
m12185,f7707
m3195,f3184
m2470,f8751
m4861,f6413
m4232,f762
m17474,f15261
m14482,f16492
m8152,f10741
m8793,f16888
m6380,f8325
m10758,f11799
m10357,f14897
m10440,f9076
m4379,f17826
m5427,f5015
m1744,f5147
m3372,f1045
m5202,f13380
m16597,f17740
m17141,f14138
m7930,f3526
m6995,f12107
m3939,f15462
m8345,f9282
m10645,f13962
m2337,f9686
m9858,f2006
m7977,f3016
m6209,f4987
m14352,f8989
m4944,f5751
m4542,f7183
m1946,f7305
m4025,f689
m12231,f13521
m13268,f3603
m9921,f15320
m9530,f3558
m16710,f4179
m4694,f4879
m4231,f6892
m3710,f13524
m18492,f16914
m16671,f17500
m1198,f1054
m7797,f7500
m2024,f13119
m3493,f9427
m13629,f3027
m10507,f10570
m3425,f11205
m14452,f5903
m13210,f12060
m9554,f8183
m15411,f8029
m3474,f10471
m6536,f17181
m1799,f12754
m12331,f12082
m5032,f793
m6353,f15905
m1858,f11855
m16939,f6593
m5135,f16919
m14347,f11539
m9048,f15241
m3992,f5012
m6411,f15611
m13160,f16258
m10018,f6946
m16562,f4956
m2395,f16808
m17508,f8156
m4947,f7729
m2584,f17895
m10586,f14938
m9643,f502
m12112,f10747
m7839,f14614
m18156,f1652
m13292,f16333
m2570,f5405
m7229,f17920
m6272,f10325
m4811,f5599
m4925,f17333
m10677,f9379
m13910,f2192
m3197,f13986
m523,f9329
m945,f6187
m8394,f17735
m2006,f5944
m8000,f10657
m8439,f9956
m6534,f3312
m12507,f2711
m16694,f4597
m14823,f3125
m8181,f17281
m8807,f529
m1655,f14565
m2558,f17027
m3870,f9854
m3700,f12476
m9156,f12228
m7002,f11062
m234,f5722
m4172,f1887
m17559,f7643
m12963,f1585
m3222,f1944
m3108,f5453
m5941,f7218
m13211,f3120
m5326,f4562
m14031,f2182
m15348,f15074
m6781,f15691
m11602,f17335
m13907,f14222
m13645,f9769
m12935,f11374
m13912,f9360
m5820,f1868
m8379,f14532
m3241,f7330
m10523,f533
m8797,f3812
m14479,f8498
m8908,f3443
m2939,f15070
m11564,f6782
m12771,f10655
m13340,f13370
m6748,f65
m13966,f11881
m33,f7263
m14418,f13199
m11014,f17938
m10112,f8779
m9872,f1235
m6437,f9436
m12277,f10687
m13609,f5548
m14101,f8155
m12190,f3104
m4955,f1541
m3299,f258
m3261,f5368
m14388,f4633
m11982,f5331
m7070,f11980
m4978,f11533
m8429,f7256
m7840,f3074
m13419,f5674
m5997,f7440
m1332,f13112
m5055,f15082
m8217,f10803
m10481,f144
m16798,f16240
m4424,f10077
m3539,f9293
m16530,f13660
m18154,f15041
m14862,f18360
m6770,f1374
m5331,f10929
m11179,f8006
m13635,f16762
m12364,f13490
m14874,f5391
m7333,f2015
m8984,f363
m14892,f3576
m13161,f15847
m6644,f13845
m9663,f4053
m8607,f1806
m9682,f6116
m7656,f9673
m9193,f15817
m15002,f17688
m5357,f937
m18435,f14448
m2430,f16623
m367,f14106
m908,f1549
m4981,f8972
m16388,f11197
m2643,f14510
m7558,f17412
m5514,f7064
m3001,f1174
m3301,f4588
m9177,f13787
m5946,f17832
m3262,f16678
m17909,f6795
m4551,f2174
m8284,f6995
m5062,f4653
m9578,f7662
m5861,f16833
m2324,f16648
m7011,f1729
m9894,f12989
m2961,f8163
m9130,f931
m72,f6047
m3092,f17003
m15114,f2232
m5160,f7714
m5924,f10219
m16953,f5642
m4850,f6883
m14468,f4501
m10275,f15085
m8014,f966
m4281,f11279
m212,f10729
m10906,f8481
m15689,f14974
m935,f15047
m3410,f8323
m2771,f4884
m4344,f10269
m8504,f879
m15851,f1854
m18016,f2872
m15345,f539
m11107,f12314
m11620,f2887
m3159,f1697
m16229,f16093
m6590,f4172
m3667,f14407
m8187,f13300
m16956,f7920
m15950,f3100
m10881,f62
m17825,f4507
m17906,f13365
m11234,f17247
m15107,f16314
m2156,f2396
m4402,f18400
m13275,f16002
m11624,f13622
m8655,f12126
m3623,f15812
m4923,f2072
m7012,f6733
m13457,f517
m13486,f6103
m10910,f4754
m13434,f13435
m10908,f6299
m3075,f11634
m17477,f4700
m2992,f8452
m9385,f5481
m6896,f5573
m6568,f10187
m6902,f16363
m11547,f8831
m3457,f12692
m13240,f12607
m17580,f2692
m2086,f17954
m5646,f17643
m1040,f3698
m3628,f15806
m8402,f12554
m14359,f4369
m3431,f18070
m1848,f1773
m1822,f11965
m18461,f14471
m683,f16197
m10288,f12965
m3148,f11260
m4429,f13562
m2729,f9512
m16851,f10841
m7921,f16509
m10626,f11483
m12978,f16851
m5819,f3838
m12367,f18346
m16409,f5856
m11900,f7829
m16454,f14911
m17041,f13049
m12512,f6218
m16932,f16439
m10446,f9691
m7821,f8731
m10412,f7632
m8304,f767
m16462,f10452
m8165,f2886
m4443,f3131
m18022,f14430
m16182,f310
m12169,f3687
m10781,f11481
m14776,f8926
m11541,f1837
m10173,f12208
m8699,f2393
m2949,f16723
m5945,f11449
m2013,f12670
m10467,f15651
m7850,f14146
m10564,f2043
m2935,f9366
m7486,f6004
m15377,f9715
m977,f3402
m7652,f7201
m1975,f973
m3742,f16202
m16333,f58
m5902,f17968
m12700,f5685
m3565,f16946
m7334,f7389
m7612,f3948
m18101,f16713
m7319,f15723
m5789,f4975
m15384,f12846
m3385,f9858
m12295,f6657
m13313,f96
m8043,f8330
m11691,f9596
m92,f10310
m7907,f8116
m9455,f11296
m2092,f12411
m2459,f11990
m5391,f16324
m11088,f15337
m13834,f6746
m15891,f15884
m7687,f16999
m4749,f17818
m8813,f1570
m6575,f7155
m12257,f17128
m4544,f7045
m1453,f17776
m8003,f6552
m1876,f2010
m5993,f12837
m4006,f16677
m13889,f12606
m18439,f821
m12220,f2322
m5298,f11145
m8483,f17046
m5614,f918
m6702,f13232
m5777,f8661
m3786,f7441
m14211,f15235
m15545,f6341
m4528,f5051
m12515,f17005
m8367,f18484
m2067,f4178
m7283,f10108
m12691,f9449
m14474,f15598
m1446,f16142
m10130,f5005
m5132,f15673
m3695,f1586
m4105,f2717
m3606,f9335
m3733,f7666
m3379,f9940
m10250,f3288
m13671,f1121
m14120,f1584
m16276,f5258
m15338,f16854
m16031,f8849
m385,f4028
m16560,f15640
m1291,f698
m17181,f9546
m7981,f4487
m13823,f6153
m10979,f15926
m5281,f16137
m16713,f11924
m3353,f17052
m15316,f1546
m3702,f17006
m15587,f10624
m16728,f9301
m13115,f365
m13176,f15686
m418,f14352
m3960,f15750
m10034,f14993
m13331,f12776
m9774,f12966
m16061,f16707
m2827,f11743
m7395,f7711
m2332,f16149
m9526,f15822
m5193,f8796
m8776,f16288
m15815,f16675
m16997,f13447
m9674,f6521
m3583,f9878
m6528,f3912
m14370,f9410
m11291,f12437
m3448,f5800
m3036,f18353
m1826,f17264
m12382,f3739
m14594,f10426
m6444,f4877
m17787,f2891
m9517,f6716
m14584,f5811
m6243,f7118
m14639,f5553
m9380,f7242
m8245,f11410
m3650,f11331
m12946,f1137
m18220,f309
m16221,f4917
m6433,f7496
m7877,f14800
m16567,f8880
m8572,f17538
m15627,f7618
m16089,f10323
m11457,f13241
m805,f5210
m15179,f7843
m9498,f5787
m874,f4665
m6201,f3613
m18470,f11540
m13406,f9066
m13766,f17977
m15136,f3947
m3999,f9812
m3706,f17339
m13315,f17092
m4583,f6748
m14209,f8110
m3530,f11607
m4881,f14187
m8724,f8065
m10847,f1629
m1561,f11222
m14899,f14860
m4607,f18155
m5841,f10381
m2069,f16785
m9805,f670
m10483,f8620
m16747,f6898
m9344,f2630
m10044,f7417
m15622,f2127
m15737,f3440
m5889,f15494
m882,f11225
m13436,f18322
m8964,f5027
m14841,f17741
m5211,f868
m3475,f10079
m2306,f15789
m14047,f17665
m12045,f3482
m15234,f4576
m1935,f18254
m4644,f2431
m18145,f15482
m4001,f14115
m15218,f8684
m14124,f13668
m13992,f17143
m16684,f4705
m16734,f13483
m3722,f4400
m8639,f9401
m13884,f16910
m9372,f9901
m14854,f8253
m9785,f11089
m16173,f5982
m5695,f2389
m8390,f16236
m14754,f16814
m1778,f480
m14738,f16167
m18499,f8722
m8524,f17183
m16045,f6714
m10529,f5179
m6250,f2276
m11373,f16654
m14292,f9454
m14866,f859
m3152,f4447
m3508,f17113
m18349,f17919
m538,f5134
m313,f12695
m15876,f14418
m10685,f10698
m14348,f9717
m5985,f126
m16686,f5897
m14277,f1563
m18473,f10855
m16141,f16143
m2114,f8976
m7807,f10407
m16667,f11160
m10785,f9378
m13582,f14538
m5228,f2354
m15111,f17530
m14930,f8398
m15062,f4978
m15267,f7276
m9816,f14165
m12954,f6094
m1137,f14682
m18381,f9863
m14991,f4993
m12698,f16467
m18360,f4980
m3415,f11027
m5498,f10704
m4548,f7566
m8701,f5040
m1221,f12584
m12933,f6102
m5999,f6520
m16051,f2334
m16447,f1354
m702,f10105
m18467,f13148
m2551,f6400
m4611,f11458
m17226,f11868
m3390,f1788
m13981,f12233
m1556,f9033
m6023,f3944
m15022,f3747
m18219,f4702
m14867,f12930
m17145,f15420
m4098,f8495
m17746,f10536
m6898,f347
m14618,f724
m12297,f5916
m14563,f8292
m1167,f2592
m17719,f13071
m18263,f14652
m14335,f6382
m10193,f86
m16930,f512
m18301,f1716
m5582,f1279
m4772,f14458
m16079,f9231
m7806,f8548
m12858,f11601
m10092,f2954
m10885,f12551
m15607,f11495
m3814,f9361
m12208,f7602
m14885,f8846
m2237,f3382
m15280,f14270
m11773,f11477
m11436,f16645
m12322,f186
m1395,f3465
m5255,f5577
m2529,f7789
m1246,f8428
m11839,f11423
m1682,f12150
m15785,f5360
m7625,f3145
m16805,f17709
m5317,f6206
m13761,f15866
m15943,f14300
m14,f6367
m14339,f13219
m14921,f11642
m18329,f16030
m15491,f2990
m5271,f6792
m15418,f4187
m15524,f1066
m14583,f6879
m13955,f5695
m18334,f11041
m15448,f16995
m14560,f13545
m14367,f7139
m15590,f7576
m18315,f11611
m2996,f13275
m15690,f11221
m15060,f6937
m15019,f906
m17846,f7607
m17194,f7412
m10525,f3129
m15225,f17025
m14233,f4708
m14167,f10518
m15054,f7945
m14653,f1707
m14848,f1306
m15944,f17993
m14078,f11043
m18342,f5915
m14514,f16211
m15760,f12547
m15560,f15470
m16662,f7918
m18503,f9371
m16651,f18113
m16211,f450
m18321,f3851
m18331,f17369
m14992,f12101
m13507,f10472
m15451,f7042
m5556,f3162
m13637,f12553
m16091,f17877
m13157,f7313
m17959,f3723
m15352,f7713
m14913,f1783
m14326,f2098
m14685,f11021
m4911,f16749
m15547,f10882
m14531,f16520
m15206,f729
m15434,f17906
m18502,f17571
m15942,f15252
m15914,f8916
m7456,f299
m14629,f7436
m15890,f14474
m12742,f1078
m5460,f741
m15373,f1005
m7520,f6080
m14546,f11004
m15277,f3879
m13970,f8954
m18454,f8429
m13469,f1462
m15390,f11471
m14272,f5977
m13217,f13357
m17884,f5295
m15706,f6935
m7758,f14835
m15311,f12848
m15904,f6044
m12928,f10701
m15195,f6909
m14265,f10674
m14284,f8291
m12974,f2768
m13610,f12849
m13332,f9118
m17355,f233
m14323,f11213
m18464,f11997
m3010,f12696
m14897,f11574
m14816,f3804
m7018,f905
m15756,f17090
m15738,f16498
m14592,f9598
m16064,f17151
m15437,f13460
m14870,f13856
m15546,f3799
m18442,f6721
m16284,f14010
m18456,f8612
m18362,f640
m13798,f10267
m17071,f17486
m14518,f2555
m16669,f286
m16082,f13570
m18231,f15687
m17265,f14359
m17428,f9572
m14267,f10469
m18341,f181
m14273,f14120
m13890,f12176
m18186,f3758
m15320,f742
m16073,f13885
m18415,f6099
m9799,f9322
m13626,f175
m14670,f1203
m15336,f12124
m14993,f7590
m8628,f18439
m15323,f7038
m16003,f2124
m7148,f13720
m14407,f1063
m14489,f6628
m15423,f10833
m18365,f5620
m16754,f985
m18444,f547
m14825,f474
m15153,f14473
m14381,f5292
m12891,f5393
m14018,f335
m9432,f11155
m15408,f16345
m15025,f9926
m18291,f13427
m18328,f11857
m15763,f12694
m10057,f1813
m14900,f17357
m10633,f2769
m18312,f8441
m7216,f3368
m15873,f13035
m15582,f13340
m4193,f7761
m14831,f17355
m13799,f490
m18475,f2225
m11689,f16809
m15613,f6504
m15047,f616
m7643,f17164
m15120,f10299
m13728,f9588
m15694,f18428
m15714,f17284
m12708,f11067
m16675,f14625
m17070,f3616
m15139,f5290
m18258,f11645
m6031,f6598
m13376,f5077
m14807,f18367
m15023,f17353
m15732,f15999
m13262,f9013
m14566,f1302
m12193,f9888
m14448,f4775
m16726,f5589
m11791,f18189
m15629,f837
m14727,f13567
m12645,f7664
m17526,f10791
m13366,f14713
m14229,f1272
m9274,f3961
m1002,f3310
m15317,f5009
m4230,f3734
m15743,f13361
m3210,f3176
m16127,f7550
m14879,f6402
m14845,f15121
m11682,f11443
m13528,f13612
m15970,f1496
m13586,f12096
m14288,f2773
m3,f11266
m13923,f15782
m7284,f15581
m10557,f3459
m15797,f9173
m15376,f497
m15725,f17354
m11848,f9307
m17391,f16642
m13311,f11759
m14239,f7906
m15972,f7490
m14515,f3733
m16425,f1281
m14714,f3935
m5802,f10375
m14561,f17734
m16517,f2164
m15842,f17356
m378,f1096
m16114,f10771
m15609,f9276
m4589,f12138
m15975,f12204
m15621,f11008
m14089,f15071
m17506,f5596
m13737,f14770
m14578,f15721
m10932,f7540
m5515,f18454
m14232,f2028
m14613,f8410
m13861,f10025
m16125,f10768
m13441,f9946
m7507,f3573
m15381,f9842
m15021,f16633
m6633,f17308
m13504,f12343
m17582,f3503
m10398,f3202
m6572,f418
m17489,f6423
m6725,f10565
m12174,f13611
m15948,f46
m12882,f17789
m18449,f14626
m14077,f1898
m15916,f18310
m14740,f6317
m17173,f15647
m15844,f3425
m6871,f1009
m7512,f14939
m7424,f6088
m8385,f756
m7154,f60
m16442,f867
m10756,f16434
m11604,f4435
m16220,f2947
m17293,f10141
m16102,f2589
m17932,f13513
m13193,f4072
m6672,f356
m15165,f3936
m15202,f10986
m16147,f13504
m15265,f6859
m15488,f5412
m13515,f2835
m9514,f10835
m14856,f11555
m18095,f17971
m13642,f12215
m17712,f9014
m14155,f6304
m17587,f16131
m18025,f2466
m14290,f8329
m7466,f13683
m18006,f2912
m8791,f17850
m15389,f14168
m11749,f10586
m13725,f7852
m10346,f10499
m15814,f11922
m12894,f12902
m14166,f6036
m1995,f15209
m14590,f2998
m7942,f17228
m16228,f12123
m15213,f10207
m15017,f13922
m15787,f14681
m4801,f17124
m12990,f13247
m15427,f1326
m11216,f14395
m13096,f4116
m15860,f2479
m14946,f4807
m7748,f11960
m5749,f17759
m7215,f3073
m17422,f8158
m8,f12425
m10907,f16489
m17566,f12453
m16970,f726
m17458,f9116
m10959,f1821
m15246,f11553
m14746,f12341
m16317,f141
m15142,f10175
m15292,f7777
m18202,f17054
m16085,f14011
m16770,f14711
m8766,f9982
m15859,f18196
m10896,f15739
m15949,f4704
m9912,f9225
m12453,f16593
m10866,f14094
m13506,f2285
m15405,f11604
m6717,f443
m16635,f2301
m3031,f2021
m15769,f10964
m4290,f9384
m15967,f223
m9850,f15927
m8410,f12452
m7615,f18172
m10342,f12728
m14251,f16252
m15419,f2547
m10699,f8642
m18409,f1207
m93,f12767
m14516,f18133
m15843,f17372
m5812,f12075
m16376,f273
m18445,f7909
m6594,f16158
m14924,f17282
m14462,f8102
m15900,f8041
m15955,f4228
m13014,f5998
m15072,f18405
m3793,f17597
m13456,f14296
m17501,f5821
m17978,f18014
m17223,f4303
m16050,f13117
m11206,f522
m13028,f681
m6949,f15791
m11033,f9266
m17147,f17528
m10978,f9857
m6341,f9432
m11920,f13378
m13086,f2204
m17671,f12232
m229,f15398
m16240,f16380
m186,f15357
m4108,f11129
m1273,f17664
m571,f11710
m170,f7997
m476,f12876
m1310,f4556
m3341,f11469
m9677,f15894
m16610,f2147
m1107,f14223
m8470,f16730
m14109,f9652
m7845,f12308
m16990,f18383
m10963,f12132
m17128,f4839
m12908,f14251
m3283,f13754
m13540,f13287
m8588,f1469
m10580,f4320
m4497,f220
m13410,f3736
m5273,f14155
m4721,f6516
m9089,f12195
m6544,f8674
m13492,f2793
m10460,f6319
m3748,f4063
m18077,f8856
m12921,f5390
m11885,f8577
m16224,f3030
m5344,f874
m12315,f1285
m9324,f8681
m17407,f10226
m13560,f6144
m14429,f5220
m17502,f4940
m2734,f3513
m9049,f3111
m3665,f7563
m16106,f3835
m12074,f17765
m18373,f17315
m130,f10618
m1014,f744
m15417,f9192
m18343,f2994
m15067,f5652
m16638,f12616
m15386,f5697
m3257,f16472
m6476,f10924
m8186,f5388
m18282,f1556
m2820,f5660
m4677,f1606
m15466,f14753
m11573,f14641
m15558,f3248
m6934,f66
m6690,f4473
m4373,f1474
m15056,f10520
m17525,f14498
m7870,f11230
m11664,f7416
m18476,f456
m11956,f9354
m12335,f8885
m11372,f16070
m14628,f7423
m17499,f151
m17790,f9062
m17929,f2889
m5072,f11252
m11390,f438
m2962,f10852
m15588,f7192
m4414,f18025
m12909,f3768
m12535,f4261
m12341,f15155
m14195,f6274
m9560,f15756
m6054,f9848
m10614,f13755
m8495,f42
m10294,f1061
m14406,f7057
m13621,f4565
m3469,f6063
m16724,f3505
m11450,f12389
m14324,f7621
m15505,f5600
m15654,f17897
m7254,f16140
m11606,f12013
m8657,f16847
m12740,f3713
m15103,f2817
m15643,f15625
m7927,f9650
m4758,f3112
m12079,f7609
m5294,f8732
m6049,f4012
m5625,f546
m3017,f14185
m16774,f14723
m8570,f10604
m12701,f9055
m7347,f4885
m6502,f15203
m6818,f5614
m16944,f11836
m173,f17103
m16358,f154
m6793,f259
m4614,f2559
m4451,f14028
m16678,f5706
m18393,f6322
m10572,f9399
m17339,f17627
m11123,f13176
m4719,f12629
m13137,f15524
m10956,f2599
m7182,f10709
m9726,f8392
m5892,f10606
m12210,f9656
m7101,f12688
m11847,f17424
m3543,f7451
m3472,f10575
m13548,f6605
m6777,f9783
m5272,f6717
m12248,f9044
m7439,f5863
m17412,f5534
m9123,f3508
m13785,f10634
m10262,f3896
m17605,f5474
m13927,f10209
m9379,f6397
m12789,f15129
m6966,f4223
m13443,f6421
m9733,f5583
m5322,f8203
m3729,f17596
m12078,f245
m6354,f11047
m11572,f2189
m446,f5069
m8283,f7361
m15045,f11587
m15295,f11042
m16025,f581
m14777,f9181
m3303,f16875
m18490,f14888
m16320,f10068
m3184,f15573
m18100,f12392
m7954,f2161
m12927,f4930
m18284,f11646
m18425,f16634
m1686,f14808
m13255,f15230
m7260,f1114
m8822,f14217
m1650,f2916
m13599,f7931
m7657,f2972
m14115,f4421
m17607,f4983
m2106,f4049
m3190,f6223
m14608,f10942
m11804,f174
m6138,f13802
m6859,f93
m4149,f12095
m10720,f14321
m4246,f12058
m2822,f1308
m16603,f16959
m11187,f1671
m10701,f13777
m12401,f1322
m11248,f14287
m8992,f9696
m14220,f11208
m16498,f3777
m6623,f8189
m14215,f16868
m14486,f4113
m5526,f13821
m9019,f614
m3079,f14545
m17139,f552
m5419,f11970
m17624,f7352
m2604,f3435
m16234,f15572
m7462,f9254
m17373,f15693
m31,f12875
m5472,f18326
m4942,f4308
m8799,f14783
m1888,f5312
m1494,f9524
m6430,f15830
m7905,f1680
m8602,f10894
m16729,f10264
m18256,f9316
m16119,f10524
m17625,f15897
m8944,f16674
m15858,f15530
m10210,f6865
m17664,f7891
m13545,f3899
m5599,f6740
m15255,f11865
m11968,f16858
m12046,f5840
m16557,f15984
m6574,f17760
m12675,f16372
m5517,f2931
m6791,f2338
m15926,f3235
m8061,f3880
m6687,f4114
m1673,f10391
m14453,f1169
m2292,f11203
m14135,f3077
m7484,f2620
m13164,f9114
m17620,f263
m9433,f8718
m10542,f10428
m12694,f7427
m4690,f8120
m7378,f17107
m9808,f7869
m4447,f10560
m7354,f12971
m6310,f12367
m13630,f7053
m9104,f15066
m11942,f8502
m11096,f5902
m17366,f877
m7307,f14170
m18061,f6502
m8236,f17707
m1386,f13682
m10214,f661
m11612,f16423
m12460,f5227
m16601,f4152
m13818,f16389
m855,f16618
m13118,f14935
m9666,f13018
m8120,f8563
m10221,f13877
m9046,f3917
m3247,f15568
m11413,f15206
m15176,f10365
m4802,f17764
m12542,f3413
m12246,f15135
m18107,f14710
m13417,f13916
m16865,f13664
m16132,f16101
m3998,f1552
m9096,f4518
m5857,f17750
m12834,f1938
m14188,f16242
m13120,f9840
m15713,f17892
m7827,f13736
m6010,f5232
m5293,f1316
m1921,f3588
m14373,f3029
m18351,f9943
m1158,f340
m11958,f3334
m2650,f5394
m15762,f8124
m4338,f8860
m3259,f17601
m11901,f10208
m8129,f15862
m17555,f14017
m3306,f6132
m11074,f1913
m7621,f14635
m9993,f8266
m8270,f7353
m16484,f14513
m2741,f17517
m8234,f4811
m1397,f10242
m13549,f9817
m10510,f18035
m17738,f13763
m9692,f12615
m7606,f4145
m14302,f3057
m9651,f15142
m1422,f1070
m5039,f14998
m4436,f9223
m17870,f18366
m10581,f1296
m10399,f6824
m11145,f14794
m14096,f3218
m10273,f10046
m17601,f10912
m9220,f3939
m11163,f234
m10449,f812
m3099,f3403
m6449,f8311
m10180,f1255
m9609,f10777
m7577,f12505
m16857,f13066
m6387,f1540
m7371,f2492
m13895,f4448
m10339,f12317
m3746,f6079
m17225,f1617
m3959,f8721
m13423,f10414
m3097,f5178
m5113,f12301
m16963,f1635
m2222,f10410
m17965,f17099
m3698,f10827
m6957,f8045
m17892,f564
m16440,f17586
m16443,f5939
m11148,f9704
m16332,f8090
m4848,f1630
m10278,f2223
m13212,f4479
m13919,f14958
m7864,f15058
m8010,f17211
m7155,f2154
m11569,f15945
m15450,f12656
m6420,f1445
m10007,f14215
m6820,f2878
m17246,f992
m7654,f12996
m3485,f17364
m18289,f17912
m6445,f1875
m4069,f3680
m131,f3877
m17487,f18161
m14936,f7100
m15817,f2401
m3645,f13479
m12923,f4800
m3220,f487
m15536,f5209
m17257,f6117
m18149,f5321
m2376,f17798
m6038,f16032
m766,f1262
m1611,f8934
m17064,f9018
m7403,f17570
m11701,f3050
m16575,f1164
m7699,f16413
m16415,f783
m3062,f4566
m9216,f16649
m4715,f15491
m15276,f5367
m17272,f3575
m11794,f14459
m7859,f7350
m5299,f6115
m16892,f16018
m5383,f1250
m8730,f3282
m7273,f16521
m7122,f17550
m7470,f18207
m12108,f4921
m18322,f11639
m16446,f17201
m15092,f18017
m12730,f8268
m11241,f944
m7081,f15783
m9365,f11291
m6682,f2832
m17759,f18123
m6087,f786
m12272,f16832
m12838,f12871
m10937,f13484
m14677,f8003
m7979,f13555
m12326,f4681
m12851,f6878
m16214,f16168
m6566,f11070
m17482,f15591
m17114,f14636
m17492,f5214
m16906,f637
m4253,f16580
m17209,f8960
m13258,f4031
m6116,f7967
m2695,f3984
m7043,f13430
m2947,f13752
m2806,f1351
m12669,f14067
m10304,f6205
m491,f3015
m1582,f5221
m9471,f2252
m12266,f10645
m10031,f18005
m12237,f5875
m192,f3510
m14911,f16299
m175,f582
m14113,f13338
m3818,f799
m4401,f17629
m16208,f6076
m10156,f5102
m731,f6647
m3708,f2757
m5501,f15870
m6903,f3617
m5210,f11921
m9210,f4968
m11351,f14551
m7264,f13687
m2682,f14828
m7822,f2642
m4928,f13594
m3572,f11294
m9243,f7291
m9401,f2608
m4056,f700
m14828,f4341
m9552,f15772
m12770,f13173
m13144,f4627
m12029,f6409
m7753,f7295
m17276,f15017
m5694,f8984
m4062,f8137
m17388,f3394
m17983,f17421
m1900,f1873
m3320,f17518
m5195,f11105
m4960,f6574
m7174,f16742
m13405,f16198
m18041,f3421
m9350,f11956
m2005,f17260
m11062,f673
m10196,f3820
m12117,f2078
m13488,f10918
m11961,f4678
m16328,f11824
m16504,f16354
m14024,f920
m18316,f14373
m2795,f14890
m314,f6093
m1669,f11566
m4902,f5486
m16357,f11355
m13074,f8146
m12745,f6532
m13667,f2866
m14360,f3086
m3123,f4174
m12516,f15935
m13209,f7365
m8013,f11785
m5549,f1626
m4331,f6762
m14662,f18185
m7875,f4136
m9398,f1107
m13269,f6958
m14176,f6411
m15796,f11733
m12782,f16059
m4022,f11565
m12086,f557
m8395,f9519
m4998,f3174
m13755,f17265
m5805,f7701
m6978,f6690
m8770,f2529
m8818,f143
m6931,f14947
m4432,f6290
m6991,f6166
m6079,f9497
m9464,f3026
m736,f17823
m12094,f4500
m4449,f11700
m5639,f16285
m8549,f10958
m2920,f11452
m6839,f5860
m11915,f17605
m14915,f17236
m17521,f4454
m12493,f11408
m15570,f2439
m11746,f12624
m13961,f6691
m5348,f5161
m17874,f10795
m6517,f16062
m10721,f1706
m672,f17564
m1817,f831
m3752,f2483
m5390,f7785
m4426,f7260
m4169,f13115
m4679,f378
m9937,f17706
m2672,f1683
m13291,f18462
m16402,f18417
m14208,f10661
m8870,f16923
m12595,f8666
m1227,f9543
m17011,f14528
m9098,f3113
m8788,f3775
m4488,f16457
m7732,f1523
m3983,f4854
m10498,f16045
m9482,f11127
m5112,f8303
m8038,f13249
m6275,f3061
m2147,f8763
m15477,f14132
m4655,f16738
m10698,f16709
m17573,f13765
m9085,f11330
m16743,f657
m17733,f9709
m6196,f14327
m12287,f7095
m16723,f18518
m13388,f10610
m11479,f18139
m4110,f12962
m17238,f1461
m12666,f10064
m16378,f1647
m10316,f4095
m17178,f2545
m6092,f16175
m6311,f7471
m5574,f14666
m10131,f17389
m12692,f9866
m6756,f326
m14749,f6656
m17828,f15861
m16081,f7302
m10396,f4835
m12716,f14476
m15379,f5679
m15529,f17572
m5661,f1901
m13398,f14214
m14488,f5968
m5243,f1984
m9905,f7846
m4762,f2463
m12089,f12286
m7068,f13647
m3180,f1053
m17021,f7288
m14589,f13882
m12616,f1748
m7346,f10947
m9711,f3722
m11135,f16598
m12570,f959
m7759,f17865
m4763,f2027
m16858,f13561
m17757,f17834
m16866,f13090
m13726,f117
m5909,f3041
m6840,f14930
m8046,f4531
m9604,f5170
m18031,f8564
m6179,f10876
m297,f3621
m8079,f14492
m10700,f17067
m4750,f6458
m11331,f16306
m9689,f5072
m7810,f862
m6059,f16794
m8856,f5941
m18096,f14343
m16628,f391
m6100,f14386
m10080,f2812
m7257,f14044
m14060,f7687
m16842,f5650
m10429,f15125
m16365,f8042
m12593,f5560
m5914,f1391
m13368,f7822
m7340,f12354
m15150,f18317
m2538,f5455
m10726,f10817
m2130,f7314
m1703,f15557
m5566,f8043
m3414,f1722
m10338,f3110
m5672,f5780
m12144,f99
m7804,f3417
m13646,f15967
m8421,f17386
m9504,f18212
m10201,f16023
m17284,f11928
m15673,f6513
m15723,f8049
m7550,f7396
m11557,f6866
m15416,f2123
m13427,f17242
m3808,f7881
m12243,f14033
m4961,f15334
m8761,f17783
m15516,f322
m8225,f8361
m9602,f12496
m5265,f16588
m8914,f9495
m6513,f13136
m10207,f811
m2883,f2196
m9525,f16437
m9078,f4920
m2386,f2639
m10099,f5545
m8343,f11249
m17821,f13951
m3597,f11774
m17507,f8581
m7214,f13577
m11415,f14197
m7328,f2279
m6187,f7851
m9203,f8391
m6647,f6445
m14441,f17446
m11137,f7842
m7765,f14439
m17854,f10980
m17678,f13589
m4745,f6234
m10434,f9950
m18374,f14838
m7385,f16185
m6002,f12125
m4777,f14162
m14704,f18362
m8731,f945
m9647,f10547
m9315,f18175
m10841,f7253
m4293,f2293
m5977,f6625
m4020,f16293
m2576,f8917
m1324,f16504
m11069,f12807
m11389,f17982
m3957,f9311
m14755,f17104
m17920,f9363
m8618,f4985
m2514,f11687
m3397,f8848
m7939,f5844
m3207,f14404
m5309,f13323
m13107,f11406
m17923,f14283
m3994,f16802
m2578,f5199
m6431,f536
m4504,f8854
m13653,f12258
m18079,f9610
m17515,f18095
m10168,f9074
m13916,f13177
m16630,f15256
m8044,f1339
m14836,f210
m10952,f9766
m11358,f14552
m8743,f17013
m12853,f1187
m12521,f1106
m3196,f9355
m16016,f10628
m11512,f18308
m18191,f7526
m12357,f713
m7262,f6856
m8215,f14236
m3537,f553
m17751,f12981
m8540,f13267
m17718,f1654
m4157,f15312
m4631,f10653
m10408,f17094
m6210,f8111
m10556,f1727
m15721,f13910
m17948,f17318
m5370,f127
m129,f17511
m4353,f10920
m3798,f1992
m13426,f7613
m4785,f56
m11155,f14208
m14085,f14823
m11963,f10256
m14374,f6642
m5592,f7310
m4304,f18020
m3655,f250
m470,f9191
m6788,f4438
m9594,f18229
m5465,f13714
m14221,f14658
m2384,f2025
m6614,f5304
m2792,f10318
m9168,f15059
m15152,f17138
m11396,f17625
m1154,f911
m6103,f10887
m8419,f3979
m16716,f3430
m2980,f18164
m17840,f7010
m14957,f63
m16545,f1558
m6501,f2532
m4574,f1684
m5923,f10261
m17557,f7998
m14282,f4245
m12541,f18475
m9625,f9868
m9175,f11898
m16134,f2596
m9427,f18067
m4452,f8852
m13237,f4484
m10865,f13292
m10456,f863
m9275,f11844
m7735,f3776
m15880,f15531
m7693,f10542
m7049,f1878
m5413,f12482
m6637,f15696
m3941,f540
m6723,f3072
m8668,f9178
m12224,f2815
m428,f8212
m1328,f1008
m11684,f10453
m7063,f14905
m10048,f10734
m10116,f11371
m8562,f5112
m3275,f12905
m18253,f13206
m593,f107
m1298,f9444
m16464,f3106
m12865,f10027
m8923,f16169
m6447,f7402
m14086,f6761
m16485,f12938
m1850,f8707
m2809,f7725
m14279,f18047
m16926,f14113
m9468,f17346
m10587,f2936
m2790,f10507
m9250,f1145
m16714,f13347
m3717,f8580
m8423,f7380
m13088,f7448
m16558,f3161
m14908,f17422
m10877,f14412
m8909,f3224
m8303,f17195
m5981,f9770
m5415,f9761
m8066,f4851
m10968,f4564
m2745,f8404
m10560,f1504
m3604,f10846
m16587,f6992
m7823,f1041
m11552,f13197
m12109,f5124
m10115,f1711
m13615,f12842
m10515,f14587
m2135,f4786
m13707,f3305
m18032,f2720
m3037,f4258
m4090,f11727
m11481,f11424
m12792,f11808
m11470,f4370
m5874,f8687
m9996,f4428
m18179,f9424
m10584,f4781
m7305,f6492
m17045,f2568
m12785,f17983
m5729,f17268
m3451,f8853
m16840,f804
m17698,f15681
m6554,f1847
m13700,f10601
m5005,f721
m15217,f13771
m1577,f14408
m5911,f6189
m15230,f12948
m1948,f4674
m3813,f1275
m16819,f72
m9014,f15778
m13906,f4638
m10468,f8723
m9025,f5349
m4707,f13766
m6406,f8927
m13215,f1479
m7851,f2789
m1409,f1769
m8163,f12471
m3551,f13058
m3879,f14012
m7886,f15887
m15052,f5521
m15803,f7665
m5652,f6007
m12746,f14861
m7159,f17871
m14605,f8315
m9855,f8196
m12965,f15546
m8073,f10284
m3311,f12667
m14189,f15440
m9840,f3159
m13038,f935
m7117,f11003
m14857,f10390
m17089,f3491
m16776,f15627
m8693,f10329
m7825,f18233
m14342,f2081
m10390,f17554
m8266,f1861
m9595,f990
m13432,f18495
m14484,f9700
m11100,f11299
m14472,f18487
m9871,f5177
m7546,f12345
m12664,f2145
m14385,f2157
m13124,f9867
m7031,f17457
m9271,f17842
m17255,f13836
m13856,f5779
m12038,f3365
m18180,f9667
m5042,f12072
m6508,f12858
m13036,f5285
m10662,f3790
m10637,f17286
m17659,f5862
m8023,f8921
m11647,f15951
m9793,f4823
m7171,f7406
m10327,f14610
m5141,f12111
m12597,f7750
m6714,f1080
m11424,f7356
m3663,f14918
m17843,f6715
m6762,f17479
m13941,f14110
m14107,f8367
m13011,f6951
m6037,f8304
m11370,f17217
m9186,f12729
m7480,f12765
m17991,f8374
m9363,f946
m10793,f8645
m6418,f6436
m16450,f12637
m12216,f10891
m5242,f15094
m16871,f10813
m4808,f12941
m7390,f13368
m14320,f14940
m9424,f15090
m9620,f9693
m16156,f16893
m8873,f8380
m5350,f10342
m16270,f1628
m7069,f417
m10660,f1007
m6891,f6798
m6742,f1274
m8018,f6279
m2168,f12604
m15927,f6553
m4884,f11489
m10041,f16940
m6643,f3908
m11482,f8352
m8824,f4831
m7386,f6072
m5170,f18289
m12725,f8241
m14869,f8284
m7057,f12211
m13926,f12697
m10834,f8186
m12097,f5289
m1051,f3626
m10646,f1128
m5139,f14659
m13335,f10285
m7351,f14427
m3579,f4401
m179,f3601
m16413,f10664
m18008,f8622
m16948,f5816
m17317,f15151
m10691,f1452
m8624,f18419
m11829,f8832
m12720,f2443
m7312,f2149
m7698,f8694
m7437,f6271
m6808,f3357
m9439,f14601
m7771,f14547
m17967,f2527
m11256,f14879
m4392,f12987
m11928,f15034
m9561,f12932
m8838,f3874
m14345,f88
m13127,f1953
m12206,f15650
m10384,f9471
m13759,f311
m18285,f2222
m10530,f18358
m12856,f16918
m6205,f15694
m9241,f3172
m3054,f4533
m13264,f1373
m1080,f16812
m4662,f4765
m14732,f6354
m7934,f15350
m8241,f8561
m5365,f18002
m10410,f14000
m8103,f8974
m10277,f16974
m16435,f12172
m6289,f12432
m13558,f13353
m7660,f13974
m7961,f12612
m12482,f18220
m5885,f15382
m2978,f7245
m15592,f9813
m9934,f16307
m9821,f12443
m9417,f13813
m12625,f1456
m5840,f8408
m11727,f1557
m11803,f9839
m9419,f16771
m15420,f9619
m16258,f6900
m10610,f4515
m17439,f1400
m11273,f7108
m12885,f17862
m11975,f14763
m17984,f12491
m5068,f8892
m5571,f9007
m8290,f401
m10274,f12398
m7642,f10113
m17603,f16482
m17709,f10167
m14550,f8746
m10416,f9156
m12407,f5246
m14014,f2394
m12907,f11852
m9097,f10235
m12392,f7698
m17734,f971
m10845,f11421
m5968,f17440
m7289,f13773
m10244,f13888
m12787,f13213
m10578,f16226
m12534,f18078
m14340,f2809
m5943,f12759
m18122,f16971
m9457,f4908
m18083,f16505
m11644,f17854
m16887,f4239
m1263,f12350
m13735,f2051
m2800,f2703
m14672,f18430
m2522,f2480
m5097,f4318
m9187,f15274
m9393,f12770
m11058,f6352
m8452,f5795
m9137,f9648
m12948,f11025
m8903,f1069
m12023,f10112
m2986,f8327
m10098,f2380
m18171,f15730
m1058,f14954
m9859,f2963
m16116,f358
m8132,f16636
m4858,f7970
m12560,f8822
m13741,f10908
m8260,f14322
m13851,f15089
m4458,f12460
m14365,f752
m9760,f13288
m16366,f6928
m6123,f4215
m9007,f15504
m9887,f11083
m5642,f2357
m2569,f17669
m11133,f6775
m11575,f12786
m9091,f11934
m10378,f16141
m16311,f3264
m17667,f2036
m6017,f1940
m9671,f2864
m6565,f5557
m9440,f1597
m14422,f12648
m4807,f2375
m8342,f13628
m3421,f16964
m13142,f13964
m13309,f16602
m9544,f7232
m13487,f12456
m13345,f2890
m8600,f10716
m4389,f4074
m9465,f7194
m10386,f17160
m7304,f5792
m4219,f12605
m8071,f8220
m17807,f11069
m13656,f11528
m11369,f15924
m4342,f6157
m13588,f7799
m9351,f12747
m12868,f14038
m16416,f5699
m5491,f10851
m16382,f16486
m18407,f12370
m14803,f6406
m12829,f13065
m11008,f14389
m7189,f5122
m8646,f13940
m5236,f12
m14962,f16848
m6191,f11831
m16441,f6583
m11378,f2806
m3290,f4478
m4004,f16591
m13660,f2395
m10295,f7266
m11303,f3599
m16186,f9856
m4483,f8930
m699,f7571
m5447,f3432
m14182,f6203
m6794,f12805
m8702,f11902
m10641,f2171
m11859,f9414
m7638,f3913
m11769,f18343
m13772,f15006
m823,f15537
m4706,f10605
m7005,f18122
m7688,f7999
m12178,f10837
m1101,f8627
m9081,f7301
m10531,f17944
m9178,f10424
m16991,f13597
m2380,f8435
m18129,f17299
m17908,f140
m13450,f2339
m14687,f17701
m14172,f14040
m12504,f3373
m6345,f11726
m16809,f17209
m4161,f7894
m3337,f6490
m12350,f18494
m14034,f15367
m4126,f11747
m8254,f12406
m16472,f18248
m7878,f15087
m5363,f7741
m7744,f6596
m6215,f11438
m8532,f10270
m4252,f14213
m8752,f9025
m274,f5302
m9296,f15214
m11545,f15596
m4565,f11463
m14795,f15645
m16702,f2551
m13140,f13648
m2327,f16761
m8147,f18024
m13225,f11166
m10347,f4060
m6869,f4483
m16155,f15607
m10733,f8818
m11316,f16301
m14203,f14680
m11781,f4856
m6882,f2094
m10551,f10530
m11851,f11206
m13163,f18018
m12874,f2790
m5649,f8097
m1692,f18111
m9701,f3666
m17020,f7458
m16527,f3294
m14551,f558
m11251,f6759
m7752,f14189
m8534,f12748
m13317,f7977
m8415,f2435
m7836,f3998
m6655,f5857
m7100,f16970
m7555,f5867
m1615,f3290
m7089,f823
m11167,f11244
m8531,f7447
m17124,f3085
m17331,f11958
m6910,f12242
m13882,f16853
m11897,f3682
m6897,f8663
m5463,f16369
m5241,f2879
m1916,f4242
m8205,f2341
m3716,f17703
m3531,f6888
m13281,f3926
m17314,f16403
m17077,f14877
m7594,f1001
m5511,f6176
m10827,f3158
m18043,f12130
m12459,f12891
m7331,f3387
m18060,f5540
m4405,f10723
m4853,f9145
m3634,f11161
m13032,f4937
m13869,f16049
m11615,f3587
m13202,f4097
m6674,f10594
m8918,f17837
m18144,f13443
m8872,f5095
m16536,f213
m8406,f11543
m13155,f34
m6489,f8400
m7251,f8157
m13266,f3258
m2335,f12264
m13503,f6046
m18496,f2784
m14877,f5470
m5519,f788
m15895,f11866
m9796,f7051
m3484,f1390
m7323,f8103
m2622,f12933
m8757,f17599
m2866,f13605
m5809,f2826
m9035,f14347
m14582,f4581
m7734,f10611
m14994,f16274
m15089,f1213
m17239,f6700
m5029,f5924
m4796,f5247
m16271,f9252
m13530,f16871
m13808,f8100
m17262,f11314
m3027,f3900
m8362,f2323
m14246,f12957
m10133,f12214
m14311,f13556
m3767,f2509
m2656,f6637
m12380,f11162
m5430,f1792
m5106,f9898
m11696,f3362
m16396,f170
m12016,f16775
m10285,f10794
m754,f17102
m18361,f3781
m6938,f8886
m17164,f12851
m9842,f17056
m17015,f16352
m5837,f5344
m6927,f11419
m18085,f8201
m3006,f1172
m9772,f1119
m14896,f15638
m2907,f7196
m3890,f11513
m3859,f467
m16303,f14059
m7060,f15934
m4439,f11678
m6955,f15043
m17982,f5532
m8756,f1756
m5539,f3813
m12196,f2102
m10038,f754
m10171,f16098
m13576,f7509
m6066,f1039
m12031,f2385
m14004,f8958
m7793,f11730
m4242,f9553
m8513,f13369
m17102,f6265
m9111,f7677
m8434,f15477
m14815,f231
m16427,f10751
m6035,f14871
m6389,f11664
m11055,f14796
m8302,f13880
m10493,f7875
m18243,f12034
m8017,f6981
m9923,f10576
m17975,f13364
m12424,f11620
m16433,f16308
m8651,f10621
m6461,f14621
m17772,f11112
m16849,f17630
m4420,f8174
m11433,f12634
m3965,f6586
m8545,f13801
m7891,f14986
m7493,f8703
m5593,f1387
m9801,f8789
m17706,f2801
m13442,f14199
m18427,f13399
m10508,f17358
m5292,f3750
m16836,f12278
m15939,f16001
m5263,f4774
m8076,f5019
m4519,f4486
m7369,f16334
m10377,f17411
m10918,f3796
m9823,f5523
m13557,f15977
m4280,f8787
m8640,f2445
m12636,f5874
m8556,f16703
m12498,f5896
m17851,f2512
m6834,f11905
m7517,f10380
m7498,f16181
m9292,f14387
m17921,f2156
m9170,f14979
m1735,f17642
m10255,f711
m11809,f17351
m11129,f4504
m4457,f2453
m12764,f9046
m4549,f12449
m3968,f9631
m4214,f17086
m9587,f964
m11570,f18049
m9551,f15479
m11305,f13432
m8919,f4230
m8878,f1095
m4315,f7813
m10353,f1289
m3014,f12986
m12082,f10641
m17880,f17979
m9886,f13413
m16999,f12795
m968,f1084
m3950,f983
m9521,f2091
m9039,f4958
m11940,f33
m12734,f2108
m6497,f17224
m15997,f14950
m7287,f1245
m8593,f8231
m6558,f5882
m6323,f6376
m11265,f1406
m10634,f7622
m7705,f559
m9198,f14686
m5706,f16961
m10919,f10824
m16578,f4176
m16223,f17419
m12929,f1650
m8289,f6199
m6328,f10616
m6701,f15343
m6629,f3699
m11752,f3557
m12602,f1495
m6441,f15381
m8220,f11317
m13580,f10482
m11651,f4150
m5338,f17711
m3894,f15166
m8156,f14457
m4180,f17221
m14801,f9165
m8142,f17047
m15360,f5813
m4077,f3337
m12804,f8456
m9913,f2258
m13185,f16000
m6549,f5361
m1381,f1236
m9657,f13416
m12545,f11352
m9754,f10739
m8491,f6488
m16641,f5881
m17945,f7790
m12073,f10010
m6693,f2913
m2496,f1603
m13378,f8767
m14649,f10988
m5622,f1568
m4904,f6646
m9956,f15661
m11068,f7092
m9881,f5022
m17127,f4275
m6033,f6368
m13673,f7903
m6551,f13153
m14415,f1946
m11953,f429
m11419,f1804
m6098,f4667
m6685,f17108
m11667,f16022
m7514,f6172
m17997,f3527
m8767,f4108
m17509,f13313
m7243,f11494
m16397,f7111
m5623,f1324
m10267,f6853
m6036,f8377
m9272,f8395
m3860,f14267
m11747,f6029
m12470,f11530
m12899,f12363
m7404,f4847
m13935,f12815
m4238,f15949
m18277,f825
m6964,f5619
m12982,f3667
m9489,f3280
m17344,f3259
m17824,f5272
m2634,f10248
m13768,f16837
m6177,f8667
m16620,f12427
m17152,f14434
m12342,f7832
m13414,f10286
m8683,f5643
m16834,f17120
m2746,f15471
m3321,f4459
m1927,f7544
m3246,f17505
m6145,f17496
m729,f8985
m15625,f4813
m5935,f13617
m17162,f15081
m9409,f11986
m7650,f15225
m9245,f2816
m2536,f10295
m14046,f7395
m16412,f17736
m14748,f5097
m6015,f15758
m10343,f14578
m10314,f5125
m6771,f11638
m15198,f12541
m8095,f12952
m18254,f16230
m7040,f15859
m13829,f13861
m7308,f7514
m11989,f11984
m9259,f15769
m10079,f15188
m1358,f5802
m4783,f5564
m8801,f3052
m15845,f13665
m11266,f7377
m7107,f7273
m7282,f17252
m11966,f8013
m2891,f3485
m4185,f14895
m17039,f7646
m11286,f16807
m14543,f17231
m9289,f14507
m9621,f2786
m13733,f17702
m10823,f16896
m10719,f1035
m5475,f15391
m9704,f9828
m16862,f2665
m10746,f11231
m3228,f15668
m7321,f10612
m3964,f9855
m9679,f17689
m10042,f18303
m12168,f3045
m2274,f4001
m8307,f10276
m3270,f16606
m17383,f12506
m7108,f13824
m7025,f14057
m8371,f7460
m11930,f18009
m8094,f8226
m9467,f14230
m17598,f8030
m5347,f5858
m12557,f14533
m13296,f10540
m11891,f13565
m15402,f419
m2850,f13172
m3083,f10455
m16941,f3300
m3479,f13095
m12897,f660
m13018,f6531
m5875,f7759
m879,f3007
m17752,f2371
m8825,f10633
m17205,f11654
m14865,f12447
m12569,f13377
m643,f11680
m10718,f7179
m11801,f9771
m16748,f5544
m2618,f12018
m3399,f11490
m14358,f10597
m3018,f15713
m8451,f10485
m2072,f17617
m9876,f16934
m2277,f3433
m11590,f8547
m13172,f17863
m17565,f351
m12942,f9833
m9936,f1092
m11455,f4528
m10359,f4552
m11270,f17133
m12135,f14824
m10237,f12312
m6320,f5846
m9588,f17439
m10770,f14090
m13596,f10672
m10037,f866
m6347,f3046
m12932,f12200
m4666,f6336
m8243,f12237
m11970,f5774
m9668,f5833
m9215,f1893
m16551,f7745
m7188,f1964
m3620,f16289
m8754,f13047
m6581,f10596
m10195,f16604
m15080,f6786
m13514,f15144
m9952,f17010
m9189,f426
m4908,f14661
m6543,f6836
m2188,f6941
m11737,f9879
m12591,f3306
m2533,f4984
m8623,f12014
m10186,f16254
m6324,f17390
m3221,f5301
m13085,f17997
m6078,f9230
m15167,f6196
m10257,f8031
m3602,f2760
m17723,f18388
m12808,f5017
m9708,f18174
m18039,f1212
m17292,f6182
m17647,f3178
m9511,f13048
m17472,f5505
m11567,f1409
m11581,f17657
m6361,f10103
m13885,f5988
m7201,f16419
m4249,f14630
m12022,f14027
m7473,f338
m3696,f11215
m1012,f11817
m12025,f898
m5620,f16510
m8161,f11596
m9997,f16793
m11724,f4883
m9485,f8895
m10882,f11807
m7841,f13515
m18138,f16754
m6318,f8955
m16309,f7722
m16960,f10987
m2994,f14406
m7701,f17258
m17916,f15393
m8492,f4612
m1565,f17014
m17893,f16882
m15788,f8835
m11063,f10115
m15307,f1046
m14068,f9332
m7992,f14111
m18399,f11422
m5938,f15152
m17513,f7250
m11464,f13317
m1023,f14154
m6677,f16182
m2246,f3623
m8050,f7581
m15101,f1932
m1640,f15714
m11377,f4805
m9099,f12539
m14616,f11879
m17675,f8756
m8335,f11387
m5685,f17320
m9476,f177
m8178,f18112
m7135,f18471
m15821,f5946
m16595,f17273
m4999,f17314
m13685,f12646
m17588,f17200
m10788,f14550
m11677,f6830
m11220,f18137
m13833,f8255
m12254,f8742
m15430,f7418
m11416,f16151
m18474,f1545
m10321,f15612
m10076,f9636
m3785,f5202
m11387,f7960
m12164,f13272
m12695,f13401
m3477,f18180
m10474,f10688
m1832,f15221
m18176,f5708
m7626,f1109
m4125,f12271
m17628,f16617
m7513,f1866
m5844,f7006
m16399,f13751
m1428,f18379
m18453,f7660
m5412,f8180
m13640,f12654
m12253,f7233
m9356,f18102
m16310,f2384
m7258,f11979
m13257,f1360
m8097,f276
m12980,f17940
m8868,f9112
m13542,f14628
m15908,f10694
m3273,f10384
m10517,f6848
m7933,f8047
m1661,f5981
m7203,f1348
m4107,f4231
m10436,f13269
m13986,f6803
m11609,f13506
m12596,f1451
m7815,f8094
m16083,f5855
m5356,f17019
m4563,f9437
m14540,f1517
m5378,f3602
m5546,f16979
m8109,f759
m6491,f6630
m14136,f2016
m6274,f5801
m3449,f7757
m12814,f1761
m18437,f5074
m17456,f17144
m7727,f3265
m7508,f6972
m2787,f3115
m18030,f15258
m17341,f7922
m7376,f2710
m13439,f13121
m6262,f10319
m18377,f11963
m7078,f12563
m7737,f10733
m6095,f6134
m228,f6066
m6611,f4814
m11095,f10945
m247,f4671
m9891,f11666
m18420,f462
m12316,f11239
m13672,f5850
m7271,f7492
m13896,f10397
m14129,f18342
m13519,f17190
m17550,f4934
m7778,f12831
m16736,f16078
m16649,f10856
m15289,f6864
m8819,f15718
m14796,f3649
m12129,f9004
m17009,f2813
m13226,f11633
m16879,f12440
m10380,f16962
m10846,f8168
m18487,f1576
m18204,f12974
m4775,f12225
m16898,f16717
m13661,f5906
m10482,f17172
m9461,f17618
m14559,f3316
m2546,f5895
m11052,f13995
m15830,f11045
m6432,f9287
m17043,f4539
m16414,f15319
m13100,f15499
m6131,f13584
m12311,f510
m12524,f14732
m7311,f13055
m4979,f17450
m6462,f11517
m9041,f4493
m4744,f1709
m2473,f3447
m16387,f17060
m16582,f4409
m8998,f8786
m13384,f9457
m8812,f5966
m13812,f13680
m17951,f1102
m9532,f4636
m1502,f6471
m13999,f54
m18276,f7877
m13863,f17653
m17086,f17492
m4639,f3234
m9033,f9904
m16758,f3082
m1568,f17213
m13584,f11809
m6171,f10196
m11542,f7343
m13648,f13756
m12544,f18072
m8502,f8918
m2420,f1674
m15557,f4655
m5026,f8288
m4680,f8791
m3497,f4580
m4228,f15257
m6661,f1581
m15372,f18257
m9740,f3710
m8957,f240
m17168,f11113
m11255,f668
m11025,f11655
m4382,f4759
m8629,f17275
m10965,f4446
m2371,f9985
m14291,f2632
m4761,f17831
m7053,f4170
m15164,f2715
m6766,f6235
m14402,f13181
m37,f2873
m3105,f5155
m11999,f18323
m8108,f4128
m14730,f11586
m613,f13362
m15742,f10782
m11553,f13437
m12229,f14889
m16138,f5889
m11237,f11739
m16120,f16566
m2968,f4949
m4732,f4429
m18458,f2226
m12200,f11584
m9717,f5859
m4578,f3169
m13809,f10828
m841,f11815
m8535,f8889
m6648,f7029
m2469,f17175
m15441,f6037
m2751,f10996
m1217,f122
m11924,f2410
m13794,f16630
m13729,f13903
m10465,f5075
m16304,f9535
m12800,f674
m4968,f16895
m13067,f10392
m11414,f7888
m3254,f14996
m3984,f1055
m14466,f8427
m16707,f7934
m15804,f4185
m12989,f16212
m6511,f9280
m8645,f4354
m16918,f8060
m10773,f6404
m18021,f15045
m10549,f953
m8196,f3685
m8503,f389
m18432,f504
m10945,f12725
m12780,f13776
m12799,f5629
m11807,f486
m3137,f1263
m8898,f11300
m16344,f5559
m9493,f16367
m11853,f6752
m13866,f4295
m4101,f6418
m9718,f6155
m6195,f9802
m18297,f3006
m13739,f1012
m15956,f12824
m16907,f12122
m13005,f16144
m9685,f15852
m17017,f15569
m13972,f11051
m9228,f6768
m12841,f4180
m14157,f11871
m14310,f7670
m17108,f8821
m15140,f15187
m13351,f17196
m12962,f9009
m11385,f4662
m3182,f10429
m3838,f16732
m6193,f11814
m12348,f8635
m16731,f18395
m7708,f954
m7714,f4005
m15708,f8273
m9597,f7553
m17762,f6003
m13445,f17692
m9413,f4025
m6141,f3764
m1874,f12185
m16778,f11228
m7566,f2056
m15004,f7661
m12777,f271
m16584,f17442
m10528,f3814
m9745,f17176
m3209,f11935
m18238,f847
m16090,f6363
m7479,f12243
m5194,f15168
m17381,f12139
m5318,f3886
m1943,f10222
m1769,f1982
m5136,f6977
m13234,f14480
m12661,f8575
m14318,f18522
m13219,f3360
m2392,f589
m1606,f13459
m684,f4220
m16789,f15727
m15669,f17918
m14567,f6847
m16305,f87
m11070,f871
m6016,f11326
m14099,f18268
m2174,f6619
m14296,f16432
m14048,f5382
m2895,f11119
m3632,f6616
m16280,f14394
m10323,f16846
m15145,f4862
m4450,f15356
m10703,f5637
m18157,f508
m12265,f667
m10503,f17782
m12884,f1398
m16202,f12982
m15340,f1483
m15232,f132
m6053,f17507
m11021,f12459
m7755,f10224
m7013,f9409
m8795,f7
m13771,f14692
m6427,f2560
m6292,f14063
m3863,f183
m6968,f13935
m12759,f2080
m16259,f14870
m15839,f2957
m15986,f13826
m11723,f9101
m16917,f17498
m9242,f8599
m3805,f8376
m14510,f3876
m10311,f7322
m3515,f14512
m16518,f10369
m13031,f10544
m15008,f5461
m10831,f6576
m4329,f6052
m11878,f6979
m15941,f17655
m1589,f3604
m15293,f5428
m7604,f13096
m13491,f933
m12177,f1330
m17435,f17552
m15483,f6738
m8443,f9616
m17627,f13643
m6026,f11779
m14906,f18427
m2975,f7431
m14313,f662
m2924,f1825
m8780,f10028
m8823,f14926
m9851,f14761
m16335,f10564
m13147,f8773
m16324,f12888
m7009,f2484
m16043,f11793
m14094,f13141
m5048,f2203
m9528,f8433
m7358,f623
m2778,f4471
m8790,f16843
m11693,f17873
m903,f3444
m6852,f11711
m1985,f9911
m4869,f7580
m11535,f2765
m768,f9917
m824,f16012
m16115,f9844
m11767,f4534
m10427,f2676
m17685,f13613
m17220,f9500
m15244,f6307
m18047,f11901
m6332,f8293
m5316,f2184
m11732,f773
m1288,f651
m14665,f4888
m7261,f5372
m8167,f7981
m18082,f11074
m18521,f9403
m14197,f815
m8619,f10241
m6317,f12326
m17167,f13414
m8068,f11365
m13063,f11433
m11868,f15561
m10141,f3773
m3470,f18396
m6452,f10558
m6199,f15948
m8228,f10754
m1233,f6011
m3672,f4482
m2867,f13864
m15605,f9187
m15837,f7975
m7114,f3215
m14698,f9892
m1867,f4327
m9437,f8790
m10094,f12660
m11400,f9467
m4825,f12636
m7838,f5574
m2882,f18203
m8477,f16035
m12997,f16568
m5411,f17271
m14240,f17666
m8895,f14378
m14442,f10374
m5150,f3693
m15032,f12116
m1951,f16690
m14019,f16015
m9219,f12413
m14275,f5465
m18514,f18059
m15168,f2728
m5010,f17543
m14524,f934
m10939,f12007
m14280,f16047
m9862,f4297
m4411,f3715
m14820,f6371
m13062,f15614
m15798,f11451
m13713,f4353
m11086,f6024
m546,f4535
m15,f12250
m12546,f12105
m12132,f17021
m5304,f5359
m14083,f10532
m2937,f9587
m14898,f14317
m13973,f13973
m14652,f5429
m14376,f16998
m15020,f17876
m18320,f8204
m15436,f17925
m13568,f2724
m13692,f7889
m15397,f16984
m14920,f4042
m15061,f5663
m15182,f2759
m15339,f14292
m18324,f10013
m8166,f7442
m2915,f6607
m9435,f16204
m16068,f1318
m15793,f10378
m14430,f9015
m9026,f7686
m14600,f11347
m16645,f453
m7883,f7043
m14428,f12686
m15913,f10171
m14751,f13218
m13279,f7914
m12979,f15517
m15303,f14200
m15617,f3500
m15746,f11032
m14758,f14290
m15996,f9885
m16086,f17902
m18459,f178
m16773,f6730
m17195,f4271
m14835,f17476
m16010,f3371
m15549,f18151
m15767,f2730
m15849,f2257
m15697,f5006
m15484,f12483
m13518,f17302
m13631,f639
m13178,f13770
m13184,f9755
m15915,f2474
m14505,f12348
m8589,f10643
m14690,f18170
m15527,f17480
m13222,f17488
m14654,f641
m15148,f17432
m18463,f6082
m16768,f2330
m15853,f4572
m15918,f3719
m8511,f10178
m17613,f2544
m10664,f8971
m16063,f3127
m12999,f17767
m17279,f2295
m10491,f9499
m17593,f494
m18197,f12939
m14601,f13053
m11142,f17646
m12805,f3439
m14718,f15609
m18135,f4723
m15745,f13036
m14891,f14584
m15639,f10755
m14753,f5230
m15327,f4273
m16038,f10521
m14986,f3858
m4889,f10877
m15525,f6213
m18296,f1076
m13857,f2771
m14464,f43
m15652,f15845
m12454,f8228
m12819,f3651
m18283,f6325
m15088,f6852
m15467,f1228
m15362,f15678
m15279,f10615
m6705,f13624
m15698,f6687
m10369,f6459
m14044,f5936
m14162,f1319
m15396,f6584
m11565,f1223
m14554,f1974
m10231,f12098
m17553,f14590
m16172,f18503
m13850,f10460
m12816,f17336
m11787,f8816
m15163,f6041
m3956,f10488
m14319,f11448
m7659,f5204
m12005,f3251
m12040,f14882
m13605,f4408
m16534,f18361
m12306,f2616
m17408,f6339
m13061,f5141
m16110,f1764
m3416,f11192
m16820,f17048
m11401,f4542
m15695,f9763
m16218,f6195
m9229,f2521
m6675,f4456
m12271,f18086
m12439,f7520
m18505,f15732
m5424,f13027
m18209,f6636
m4391,f11280
m16745,f17874
m18131,f8605
m13196,f8589
m7773,f2118
m16818,f7902
m4739,f5055
m12344,f17126
m11341,f11740
m1807,f18373
m13847,f15780
m2056,f2441
m16629,f6885
m16128,f13854
m9931,f3597
m16150,f15744
m16207,f6301
m17643,f11311
m8753,f18041
m1339,f1796
m11645,f6684
m12155,f8294
m16230,f4302
m13877,f15604
m14334,f1817
m15764,f14842
m9466,f3560
m15784,f7068
m7809,f9630
m15534,f2030
m13577,f10022
m14681,f5653
m16683,f1777
m12930,f12970
m10117,f8140
m5742,f17704
m13474,f4530
m17097,f12369
m14768,f4266
m3639,f16683
m5671,f16107
m5336,f17455
m9948,f14540
m5950,f3664
m5410,f15917
m7175,f8759
m5080,f16967
m13647,f17089
m6065,f14730
m12864,f161
m6316,f13610
m10527,f14757
m14343,f10446
m4897,f8199
m6811,f14677
m17322,f3109
m4191,f2607
m4776,f10744
m6266,f17167
m15241,f8827
m13864,f16357
m14574,f10840
m18376,f10373
m17165,f11288
m3266,f18304
m9319,f8748
m4462,f12334
m2236,f11204
m9277,f8346
m15464,f2988
m11934,f8078
m8318,f5464
m14977,f6348
m4705,f3608
m6856,f10245
m13607,f2618
m13947,f12059
m16215,f17352
m3854,f1150
m17350,f8798
m4027,f17633
m13301,f16128
m3395,f3507
m8168,f9197
m7580,f9083
m13108,f4313
m13227,f18371
m95,f13853
m2862,f155
m17674,f2764
m15581,f10921
m12875,f7226
m10164,f5330
m15301,f4970
m13937,f1884
m12053,f16283
m11932,f13166
m16720,f743
m2721,f4277
m17461,f14617
m18416,f1515
m4154,f7825
m16295,f8181
m3782,f14173
m11023,f7140
m9325,f2721
m4529,f5920
m2350,f76
m2731,f12473
m9634,f5845
m16268,f5215
m15242,f7274
m4048,f7952
m15010,f8634
m7465,f3806
m12118,f15865
m8369,f4465
m10983,f12973
m18323,f3751
m7158,f2627
m482,f2579
m18344,f424
m14218,f12740
m15626,f18169
m14612,f14221
m16550,f14957
m925,f6358
m15874,f9268
m17871,f6311
m16048,f16097
m13435,f2776
m9388,f6266
m10312,f12151
m10675,f10441
m11425,f16388
m11738,f3712
m3575,f1261
m18012,f6595
m9073,f16410
m9358,f10590
m4530,f6499
m4261,f10339
m6398,f17191
m11146,f13085
m11790,f764
m18105,f10730
m3873,f6569
m12960,f2349
m2506,f4071
m6163,f4605
m13370,f4244
m5276,f6707
m4945,f7893
m5663,f13423
m11345,f6906
m13553,f13080
m6006,f14712
m17093,f15175
m16876,f5087
m4003,f13793
m17362,f14574
m14438,f1934
m4964,f5783
m15687,f12669
m1785,f940
m1457,f10504
m14039,f2420
m13922,f7584
m14092,f16537
m14372,f4909
m17001,f6147
m18403,f9305
m11888,f3396
m16405,f2641
m11808,f17420
m7963,f11214
m2036,f13465
m9233,f4125
m17146,f11000
m13736,f7340
m13872,f11207
m2706,f12561
m16371,f16900
m15426,f12544
m13009,f9435
m107,f98
m16291,f12315
m7435,f17065
m13249,f5052
m14116,f9980
m9558,f6834
m11568,f12266
m9323,f5366
m4014,f6966
m10307,f10858
m5590,f12760
m8844,f16796
m10454,f6633
m3899,f8370
m10914,f10967
m11013,f14987
m8997,f11658
m9900,f6440
m3486,f11862
m1627,f914
m12273,f685
m16290,f12520
m11278,f8318
m5907,f2452
m5408,f1916
m11985,f14651
m15938,f13788
m9748,f2906
m10710,f442
m12683,f14662
m1742,f16644
m12514,f12436
m16424,f10904
m5800,f7456
m7950,f12127
m12505,f15964
m13166,f3705
m7220,f14264
m15387,f6210
m1812,f6666
m8616,f18099
m17404,f16166
m3888,f242
m4102,f18267
m12501,f9099
m16895,f1839
m8210,f17135
m4782,f6940
m6653,f15024
m16487,f16681
m8774,f17729
m10753,f6693
m8905,f13384
m9261,f4797
m15766,f17967
m9762,f6725
m1048,f433
m11412,f9345
m9607,f16009
m12061,f11456
m13428,f664
m10083,f291
m13969,f10695
m2221,f7770
m6446,f1732
m12175,f634
m10574,f7990
m10292,f8523
m13848,f13329
m11816,f13879
m17655,f15938
m1560,f4857
m6099,f18228
m11976,f9945
m12796,f2120
m6855,f11247
m10324,f16411
m11181,f15909
m14943,f5712
m17839,f2198
m4797,f14438
m12779,f1392
m11473,f2061
m18307,f8411
m6844,f16886
m7483,f11414
m1939,f2657
m11783,f978
m11489,f9530
m18054,f3836
m3458,f12599
m4831,f16276
m8900,f13646
m12581,f10229
m9309,f1859
m7313,f17058
m4566,f5703
m11015,f17608
m12550,f3973
m16062,f2261
m3568,f6337
m4455,f12734
m11376,f1731
m7026,f10873
m5002,f13387
m16980,f8001
m8595,f18134
m6000,f531
m17770,f16969
m9429,f12259
m11867,f11716
m10859,f16646
m11229,f8623
m8064,f2888
m13069,f6597
m15597,f4036
m7980,f12556
m4239,f10258
m8239,f11080
m9596,f8840
m10368,f14973
m6111,f10266
m8554,f13999
m17572,f10905
m8573,f7127
m9771,f17883
m12651,f8000
m4178,f11736
m6861,f5256
m11437,f14204
m10492,f2220
m3769,f3324
m15297,f4222
m12854,f4331
m15235,f17177
m5201,f17795
m10541,f7468
m6956,f5575
m14308,f15364
m7589,f10265
m14253,f15808
m1516,f8313
m14925,f7432
m138,f1924
m12728,f16433
m15240,f17777
m18384,f9706
m18406,f15753
m10604,f2847
m6202,f13471
m8677,f13592
m16696,f1782
m13228,f1695
m17629,f5694
m9527,f14519
m11506,f18340
m12823,f2902
m16191,f9264
m9994,f9655
m7914,f7627
m13998,f12373
m8488,f4436
m11393,f1933
m6733,f9544
m13876,f4439
m18292,f9565
m9830,f8792
m16503,f9383
m5575,f15592
m9478,f17978
m11257,f3480
m5442,f10279
m3377,f5046
m11700,f17698
m4321,f957
m2548,f928
m8136,f15774
m11733,f4842
m5418,f197
m15759,f5745
m14455,f13732
m4217,f5894
m12973,f6626
m18509,f12009
m14397,f12115
m7973,f2684
m11191,f8937
m2418,f15228
m2941,f6222
m11593,f5693
m9397,f3245
m2868,f3582
m6396,f5661
m6440,f3497
m3375,f6362
m12149,f10685
m16837,f5578
m15471,f3320
m3833,f16879
m8048,f16966
m8866,f7527
m18270,f3350
m14331,f10443
m14658,f15659
m12101,f7457
m8489,f14178
m15935,f2256
m10105,f7020
m8853,f15936
m12500,f13044
m3052,f9041
m11435,f11672
m4787,f12579
m8006,f10648
m2591,f11861
m4053,f10170
m18046,f8914
m4404,f9627
m17175,f11589
m12878,f2095
m2726,f5818
m17478,f17748
m3047,f7090
m17111,f4038
m13148,f18356
m4646,f13453
m7163,f503
m16806,f5188
m15987,f13564
m17092,f382
m11276,f9341
m15892,f2770
m4649,f8867
m10796,f7181
m11519,f7560
m11745,f12810
m10027,f17087
m5707,f18147
m13460,f11628
m11716,f4173
m9294,f3298
m14863,f12775
m48,f436
m17817,f14524
m17857,f16963
m11496,f2821
m4711,f6170
m6152,f15384
m12690,f4262
m11551,f6519
m7050,f16739
m8490,f5953
m14724,f11867
m16467,f6149
m5274,f16013
m14620,f2312
m6407,f12263
m9382,f2526
m12732,f951
m9893,f16321
m6744,f3678
m5835,f15342
m13924,f425
m9623,f3136
m13371,f11976
m6739,f18153
m5669,f9080
m3113,f13666
m17684,f11278
m9143,f8077
m9744,f15280
m7249,f17023
m8340,f16821
m7922,f2409
m6391,f11466
m8198,f690
m5117,f8018
m17122,f6335
m17219,f1144
m10764,f2604
m4912,f15317
m8897,f15635
m15896,f10936
m190,f11144
m14542,f3390
m15068,f4023
m16772,f11068
m2898,f4792
m17149,f15767
m816,f13013
m17680,f3803
m5483,f15197
m9776,f11653
m4024,f12823
m10175,f3999
m13783,f11567
m9870,f14934
m17905,f15971
m6355,f4844
m437,f13840
m9861,f16916
m6759,f14161
m4394,f16526
m12180,f10781
m6394,f7839
m8185,f6967
m10067,f10111
m6371,f554
m3214,f6192
m11780,f13942
m4604,f18496
m11987,f8287
m8521,f2066
m2343,f14553
m16411,f14284
m12924,f1519
m12615,f15555
m17816,f12500
m8022,f6377
m8126,f16317
m5691,f16416
m11147,f15213
m7318,f7583
m14071,f15863
m14062,f10355
m17356,f8223
m14614,f16471
m9807,f17519
m17520,f15276
m8197,f6390
m9129,f2249
m7523,f17851
m7303,f2663
m3795,f653
m2107,f4517
m11356,f17994
m3712,f4066
m17505,f8758
m4886,f10465
m13734,f1288
m17635,f3611
m17835,f16462
m6357,f16745
m14207,f18469
m12531,f2099
m7314,f4509
m4111,f14624
m8151,f15872
m16231,f1299
m3295,f3940
m6259,f5639
m8075,f1381
m2896,f3859
m3820,f9586
m12484,f588
m5319,f3650
m12441,f7259
m13272,f1355
m11797,f16954
m8977,f14936
m4621,f12529
m9723,f17679
m13846,f83
m10938,f8665
m864,f7386
m3202,f10742
m1004,f10719
m5231,f3232
m8567,f9091
m8539,f1872
m17254,f12581
m9715,f17245
m10230,f16553
m436,f4052
m5510,f3296
m18506,f11058
m8550,f4323
m12850,f7784
m15824,f6039
m1597,f8170
m10345,f6890
m11705,f4443
m18512,f13407
m13593,f9098
m5931,f12089
m7281,f3761
m7113,f9380
m7568,f17557
m4192,f604
m12143,f4676
m12042,f11544
m10473,f4430
m15474,f6098
m17042,f3398
m12523,f4641
m7414,f7639
m430,f3047
m8864,f13264
m9375,f16981
m18460,f8276
m10026,f18300
m8719,f3181
m1911,f6640
m8025,f1491
m12659,f11930
m3714,f2518
m8634,f3053
m4243,f11323
m17829,f5580
m11499,f6226
m3102,f8272
m7330,f14725
m12784,f9737
m17112,f8387
m7960,f6437
m8115,f18104
m9691,f18057
m10759,f15490
m13190,f11077
m17304,f13449
m3040,f12822
m16245,f5113
m13422,f3765
m15236,f14449
m5633,f3860
m14633,f4874
m8195,f8359
m16835,f8793
m13099,f16207
m18491,f9150
m8673,f12196
m12643,f13128
m13915,f11174
m3384,f13303
m7142,f9713
m5196,f6840
m4710,f16109
m9831,f14414
m3985,f5959
m12309,f15282
m6831,f14198
m16966,f12614
m3743,f7640
m12142,f3833
m10624,f4205
m4171,f5338
m10876,f9242
m4532,f760
m3282,f4899
m16552,f9042
m13664,f10785
m16306,f12911
m8960,f13220
m15963,f172
m8486,f636
m12425,f92
m18372,f4288
m11540,f10442
m4135,f1514
m8979,f8675
m8802,f9585
m8440,f16753
m11852,f15388
m11686,f15444
m14255,f5798
m16698,f16519
m17397,f3035
m14717,f9578
m7802,f16594
m7575,f13835
m13079,f16867
m7488,f14401
m9784,f16805
m2369,f2288
m12093,f9566
m7327,f925
m16183,f16841
m9166,f18253
m11534,f13615
m11597,f8508
m11854,f14105
m17118,f5764
m7707,f4466
m9343,f813
m5910,f3785
m7222,f6491
m6219,f6167
m12242,f1377
m1320,f5835
m15378,f4679
m7169,f2647
m6837,f14736
m11711,f15632
m8939,f11621
m9288,f11816
m13122,f7261
m16868,f15425
m1656,f17295
m9030,f4887
m14038,f10823
m9879,f7767
m1184,f1013
m5019,f2023
m17142,f9939
m11603,f12494
m17518,f22
m5450,f13348
m9050,f16673
m8029,f18377
m16784,f10177
m5621,f8407
m9684,f2209
m5602,f15690
m9332,f13849
m9469,f5473
m17453,f5566
m10757,f36
m17934,f6165
m6727,f14466
m11983,f7094
m5505,f15677
m6620,f14727
m8329,f16311
m6442,f14698
m5205,f15179
m18391,f6612
m10805,f8037
m3327,f7818
m17798,f1205
m13953,f7319
m7880,f6086
m11083,f5579
m9700,f15724
m13980,f8486
m5012,f17444
m8553,f8365
m11561,f4127
m17657,f1499
m5120,f4054
m17699,f11455
m8059,f11549
m12377,f14917
m16691,f1712
m7326,f7984
m6115,f5967
m8887,f13180
m3408,f14276
m3096,f7088
m7962,f5562
m9404,f13456
m3334,f7023
m10982,f17187
m14268,f12785
m15965,f10082
m2624,f13005
m15341,f18290
m15940,f35
m11660,f12583
m2315,f14354
m11892,f11903
m4039,f5458
m3669,f18435
m8291,f9340
m14622,f15461
m10569,f7876
m18303,f8317
m17066,f12793
m8176,f10328
m10039,f15189
m12689,f5244
m12110,f4635
m10443,f14076
m6438,f1397
m7288,f2996
m11448,f3221
m17614,f1679
m16438,f8847
m11653,f4383
m3624,f969
m11494,f14549
m10761,f4561
m6838,f18230
m16605,f138
m16928,f10938
m15239,f7614
m5881,f6042
m7492,f10529
m17663,f5160
m4659,f2949
m4428,f9637
m4307,f9506
m11004,f2961
m17767,f15731
m1399,f2211
m18485,f7983
m16201,f7393
m14223,f2283
m15747,f18504
m11576,f15823
m626,f2718
m9624,f6827
m6265,f2903
m13010,f927
m9126,f12623
m8473,f3990
m9072,f12178
m5901,f18013
m15509,f15028
m10058,f14766
m3758,f8706
m13774,f164
m11719,f8356
m15799,f9928
m11832,f1224
m1798,f12219
m6697,f9164
m11874,f8922
m16788,f7071
m1912,f6975
m12203,f2553
m13111,f9133
m18183,f7535
m12133,f14762
m12926,f7007
m14073,f13125
m7897,f16741
m11842,f1368
m11933,f9966
m13578,f13224
m2155,f416
m14040,f2673
m2849,f17248
m6923,f9661
m9738,f10048
m2060,f6496
m9141,f735
m14330,f11396
m7123,f18168
m15679,f16699
m1967,f15454
m9906,f18052
m15399,f6880
m18160,f14829
m13200,f1625
m7833,f10031
m10821,f9742
m8265,f6731
m16566,f12751
m12438,f11925
m11871,f374
m10948,f8546
m6267,f7954
m1691,f5711
m8085,f415
m7471,f8682
m8105,f13297
m7754,f15331
m3134,f12417
m14137,f3569
m8810,f10005
m14910,f7247
m16705,f10501
m386,f15262
m7943,f10294
m9184,f17881
m12632,f3242
m3265,f1600
m8140,f7125
m4814,f2074
m15414,f4871
m5868,f9109
m3557,f12568
m2519,f17244
m12263,f8280
m13723,f3309
m16432,f320
m9306,f11603
m11186,f5386
m3332,f15271
m14127,f8851
m14072,f9222
m7487,f17100
m15833,f17296
m12427,f5445
m11049,f10556
m6704,f8680
m11080,f12442
m8520,f15649
m7731,f14818
m4173,f17924
m11115,f8945
m10897,f8300
m17889,f10180
m16839,f12732
m5380,f12700
m14067,f7667
m13563,f2507
m9327,f15697
m2601,f12953
m16122,f4305
m4274,f18460
m9639,f17198
m4847,f15566
m1607,f16048
m15290,f17908
m6056,f11909
m15776,f10007
m15104,f414
m15146,f131
m12375,f11581
m5214,f2208
m4509,f9217
m7477,f5096
m12603,f8210
m7684,f11011
m5014,f12339
m7849,f12643
m17483,f16396
m529,f9022
m12722,f10676
m13201,f4406
m16673,f4602
m16126,f2740
m16701,f17896
m16507,f12564
m17006,f18179
m5116,f6318
m4009,f9944
m4055,f2202
m13827,f4918
m1897,f6383
m890,f6518
m8725,f1977
m14549,f6030
m3229,f1165
m7584,f17510
m9636,f7844
m7544,f16209
m7675,f2774
m15620,f17499
m16197,f1193
m12794,f10359
m11301,f14952
m7030,f15178
m12558,f5484
m9146,f10086
m18404,f9119
m9892,f7016
m8201,f14941
m8090,f14052
m11763,f1669
m749,f1396
m9484,f3956
m11889,f7357
m16688,f12033
m1872,f11652
m13447,f1779
m14847,f15373
m12901,f13674
m13757,f6681
m11774,f12512
m14765,f15123
m14509,f7675
m17427,f5658
m4142,f13374
m17436,f5192
m15102,f13190
m13358,f10677
m12436,f988
m13651,f4250
m13198,f17317
m9281,f1824
m5171,f3969
m12572,f10890
m13285,f9583
m5191,f8938
m14447,f16431
m11177,f2084
m13267,f12381
m3907,f12882
m7500,f9082
m13594,f18506
m3008,f12234
m14949,f2018
m14278,f18065
m18519,f8676
m16967,f16326
m5717,f13560
m5718,f18424
m2560,f17116
m3921,f15676
m8846,f13216
m11221,f7202
m14226,f1175
m7602,f10403
m1335,f4330
m11600,f7146
m3753,f4059
m14981,f15313
m1008,f16014
m12630,f239
m14996,f6186
m18517,f2250
m13045,f5647
m13489,f11375
m14630,f6529
m8141,f12110
m15190,f7669
m11726,f16056
m2119,f8711
m5918,f3568
m15754,f9463
m1063,f8215
m11936,f785
m13934,f16990
m4757,f3742
m14956,f6796
m10602,f1772
m14575,f4790
m57,f150
m1342,f12641
m7392,f14184
m14178,f13462
m14985,f6472
m14742,f1931
m14055,f11256
m5428,f8086
m15951,f1484
m5762,f5044
m15009,f7099
m10575,f12070
m13668,f14323
m13836,f12046
m9890,f12119
m15499,f3757
m14059,f8997
m13612,f5223
m14480,f9910
m13883,f16443
m17192,f3119
m15079,f11839
m15598,f13463
m13627,f13320
m14433,f10076
m15431,f1393
m14984,f12820
m18371,f11991
m15037,f13386
m16655,f1231
m14744,f13037
m16753,f16686
m15312,f7542
m14573,f15988
m14456,f15233
m13385,f9019
m17755,f14297
m14496,f8653
m14791,f13884
m18319,f8697
m14880,f15992
m15596,f12533
m15042,f8421
m15478,f16641
m12860,f15692
m15355,f3759
m13480,f1780
m15905,f12764
m14306,f14833
m16771,f2275
m13187,f1284
m15393,f13533
m15520,f1415
m16881,f17855
m6487,f7130
m2102,f18372
m14228,f18239
m15831,f15217
m16799,f8866
m7955,f1226
m14421,f17766
m15321,f6974
m9068,f9190
m9889,f9138
m1717,f1458
m5847,f7892
m10315,f9825
m226,f11554
m9800,f8869
m8376,f3067
m12582,f6310
m16004,f9149
m6945,f1730
m4229,f8074
m5377,f14571
m13324,f12359
m9940,f11996
m11005,f10078
m5743,f14062
m721,f11482
m7167,f13214
m10653,f750
m14638,f2974
m2244,f17637
m2125,f13363
m5131,f18073
m2835,f15385
m2767,f17246
m16094,f7663
m13538,f12598
m10107,f8762
m13892,f4977
m6916,f7953
m8667,f2087
m2876,f13481
m9713,f7324
m1050,f13946
m11225,f7292
m3109,f1162
m5916,f6468
m18288,f14887
m11927,f11164
m13131,f14288
m4471,f16856
m3682,f6501
m397,f8980
m17769,f5041
m12870,f15900
m9576,f2315
m549,f13110
m7244,f2755
m6301,f18273
m5064,f6321
m13803,f11977
m7600,f8164
m15455,f14068
m15278,f3788
m5530,f11568
m11823,f12699
m9084,f12745
m71,f6728
m5906,f3056
m11109,f1681
m9565,f11864
m7116,f2008
m18228,f7355
m5199,f5457
m16428,f12087
m15632,f14855
m15248,f17616
m16644,f12940
m8361,f5987
m15346,f489
m15337,f15528
m15882,f11946
m12674,f17062
m6680,f14530
m12910,f7255
m7324,f7075
m6943,f11036
m3904,f17232
m8365,f9079
m2412,f17152
m3162,f5891
m2475,f17156
m1509,f16026
m11671,f2392
m16919,f1808
m5513,f2659
m17491,f13614
m11899,f2342
m17856,f8805
m10464,f3228
m2691,f14377
m1095,f16795
m3213,f12008
m17527,f13116
m14070,f8655
m13967,f8811
m2260,f10104
m9125,f5644
m16711,f7915
m15001,f4092
m5245,f432
m10980,f12025
m17038,f13208
m8674,f7434
m12310,f12625
m6731,f12428
m16893,f5294
m16383,f9036
m13806,f9347
m15512,f7083
m12191,f4737
m11120,f6863
m9463,f12773
m12773,f14239
m13260,f9883
m15959,f6511
m18184,f16139
m7035,f8468
m13975,f16362
m7088,f2577
m8642,f16766
m10987,f15961
m9797,f2934
m3487,f10598
m18513,f15628
m15771,f423
m3526,f6696
m14728,f2690
m6505,f16989
m7715,f2953
m18026,f7987
m6258,f11531
m2699,f10066
m7065,f3870
m1139,f3180
m17743,f252
m17159,f15960
m8493,f18305
m6294,f16748
m15507,f17827
m8301,f7908
m15869,f10389
m8924,f2386
m4380,f2658
m11827,f17137
m13021,f8061
m8698,f13496
m8431,f11211
m18237,f4055
m5587,f8046
m6329,f10923
m6745,f2086
m7975,f8353
m3674,f18053
m5677,f12022
m2812,f17085
m16327,f13268
m5180,f10699
m10901,f12005
m11006,f16655
m6651,f11479
m4326,f12895
m15171,f17147
m527,f8397
m11795,f3725
m10835,f12921
m14497,f2284
m12345,f5907
m8131,f10592
m10516,f2921
m11261,f9748
m6464,f5392
m14692,f850
m5340,f3598
m6236,f2468
m17986,f13054
m1254,f11850
m3909,f12655
m7692,f7721
m10132,f10185
m12944,f15734
m18087,f2580
m9880,f14622
m14839,f6869
m4188,f14777
m7848,f4990
m14846,f8686
m12249,f4496
m1086,f17139
m5404,f4472
m450,f18409
m12561,f10697
m16873,f4808
m16437,f18502
m5394,f8825
m8072,f8214
m11122,f9847
m8450,f2356
m3544,f15541
m8852,f15552
m14104,f6572
m3242,f9582
m16803,f3004
m8948,f8544
m14021,f12394
m3357,f15941
m11759,f11989
m12001,f4389
m12835,f9212
m12662,f1125
m6401,f7449
m6780,f7552
m17818,f1112
m8684,f14372
m5866,f15164
m11239,f11842
m11945,f7050
m17896,f1752
m2842,f7258
m2015,f16941
m9403,f5905
m14184,f13608
m12024,f9131
m9741,f1952
m11869,f10937
m5559,f17375
m8252,f1685
m7842,f10484
m8460,f11128
m4932,f14904
m12676,f6257
m12911,f17553
m8344,f103
m9339,f12808
m6847,f8242
m9973,f2739
m5936,f16721
m12696,f524
m17340,f3933
m13468,f2387
m15100,f899
m15580,f16616
m10991,f13909
m14400,f14953
m5538,f7388
m15200,f5861
m17538,f9390
m14664,f16656
m2748,f12705
m13150,f11013
m10762,f630
m13620,f2965
m14875,f15608
m5682,f5667
m12876,f2900
m2365,f16799
m10411,f11732
m3217,f17988
m14852,f857
m12307,f6355
m2247,f2350
m11337,f6251
m6798,f4255
m15872,f5062
m12618,f755
m9782,f4951
m5632,f10970
m14269,f6535
m10463,f14670
m9492,f8685
m14337,f18156
m10413,f4181
m2128,f7137
m798,f1869
m3880,f13204
m11168,f1196
m15648,f16552
m15786,f12811
m13256,f11926
m16076,f6434
m6473,f7959
m1236,f7753
m15887,f14535
m12134,f11361
m4145,f4460
m14261,f13405
m15569,f200
m11672,f12431
m3331,f17473
m14785,f7331
m16158,f14955
m13541,f14431
m8661,f7850
m8912,f12796
m2908,f4952
m16395,f2756
m16869,f3097
m7673,f12472
m14351,f13727
m11395,f238
m6094,f18351
m3023,f16815
m6218,f17204
m5154,f4796
m1793,f1242
m10665,f11713
m9044,f16872
m3464,f4153
m13188,f8454
m16219,f4801
m6824,f16597
m10068,f6623
m11710,f4606
m1507,f7489
m7869,f471
m18385,f12521
m17872,f1313
m17764,f15290
m13327,f49
m3315,f13201
m8566,f6453
m18488,f2425
m17405,f7390
m9806,f13955
m2791,f7699
m14235,f7532
m7888,f8403
m8713,f18216
m9641,f9397
m4836,f15535
m10750,f7078
m10169,f9214
m6453,f5266
m6110,f5993
m166,f9625
m5673,f3925
m8695,f1185
m11793,f8826
m3004,f3386
m5250,f13023
m13697,f9750
m13022,f3893
m12735,f9067
m305,f4586
m5516,f9877
m13461,f13943
m8735,f16845
m11000,f11123
m7297,f3855
m18433,f17012
m7256,f15781
m3685,f10255
m14832,f5444
m15604,f12352
m2808,f14029
m7054,f13980
m14960,f851
m5278,f9608
m15806,f1703
m4177,f3116
m17059,f12252
m17952,f1317
m13817,f9744
m10438,f12311
m8750,f10774
m10418,f12120
m7769,f15469
m7177,f2515
m11788,f1741
m15133,f18176
m5058,f10195
m10651,f15379
m12766,f4186
m9060,f5537
m12066,f13985
m14635,f3391
m13057,f9860
m11392,f14388
m2379,f7484
m4473,f2320
m8413,f17274
m5596,f8023
m9916,f16329
m2075,f11915
m4303,f14148
m4818,f9140
m6356,f125
m1218,f15939
m3191,f17445
m12304,f1787
m6409,f18501
m14322,f12174
m7790,f2377
m12383,f370
m7522,f16435
m18267,f7706
m4218,f11677
m2595,f11148
m14216,f10675
m7365,f18452
m6584,f12992
m17981,f18062
m11610,f16523
m13238,f2130
m12985,f4744
m11159,f15272
m11271,f11146
m13949,f17471
m6263,f12163
m18066,f6820
m5403,f9089
m3775,f7058
m3730,f11630
m14185,f7524
m8457,f160
m3427,f9071
m10087,f8167
m17025,f189
m10393,f2347
m4150,f15355
m14258,f157
m15574,f18181
m3071,f8143
m12223,f2097
m15131,f17819
m18524,f9368
m18510,f7556
m14028,f118
m14419,f14253
m14393,f14131
m12198,f13706
m6166,f366
m13730,f13886
m14405,f1407
m4791,f17441
m15073,f9765
m17135,f1789
m15363,f7570
m2433,f13739
m13467,f10152
m1983,f787
m6785,f11359
m4895,f4067
m4403,f8514
m13822,f3220
m3053,f12079
m14586,f2502
m12461,f5656
m11043,f14130
m8384,f9642
m17281,f13729
m15700,f2924
m6256,f6028
m17766,f10710
m17264,f437
m18327,f18152
m15740,f12485
m14735,f7723
m14909,f3493
m18397,f904
m15371,f1639
m15043,f11005
m14650,f1533
m11937,f5137
m5605,f226
m563,f13536
m15758,f2825
m4766,f9787
m13900,f8035
m426,f7236
m15736,f2183
m7667,f199
m4920,f444
m6142,f40
m5532,f11130
m9412,f11064
m8144,f17812
m8357,f11033
m53,f5932
m15562,f10652
m3896,f7366
m13583,f325
m7199,f12194
m17326,f12866
m10783,f14951
m6512,f12631
m4235,f16057
m6758,f11812
m368,f3130
m16665,f1537
m7096,f14463
m5341,f13367
m5899,f12774
m6360,f17240
m17161,f5788
m14030,f10445
m4709,f1867
m14838,f13671
m5422,f17780
m14886,f11034
m7762,f17225
m16761,f733
m9225,f69
m16756,f8261
m8737,f14117
m14506,f1949
m7680,f5782
m5346,f6487
m7511,f2374
m16169,f5126
m10609,f10727
m15444,f5135
m15051,f16399
m7073,f16824
m524,f13929
m7770,f3114
m9107,f11916
m12552,f836
m7441,f41
m15538,f12001
m9244,f16806
m15973,f18444
m11630,f16672
m8658,f133
m920,f7890
m2211,f5025
m15374,f333
m5381,f3424
m14304,f18243
m40,f8063
m15981,f6932
m12418,f1489
m11333,f5162
m11599,f13243
m16622,f8072
m409,f16975
m15847,f10764
m9470,f17963
m15901,f6359
m14383,f343
m16709,f4683
m4502,f15048
m14074,f2199
m12872,f12378
m1243,f13547
m3824,f9837
m6894,f16265
m18522,f5568
m14079,f3263
m5000,f7034
m10562,f6431
m15671,f13154
m10663,f2566
m18252,f1876
m7428,f542
m8189,f2646
m4260,f8683
m13290,f15733
m15971,f2550
m11240,f7792
m7231,f11393
m15083,f5171
m1357,f6924
m7349,f15390
m1766,f12109
m14082,f17072
m7989,f9438
m5886,f7897
m11029,f3135
m6070,f4957
m2701,f483
m1106,f13021
m6124,f13705
m15958,f2432
m13509,f11019
m9134,f15662
m4656,f4963
m16403,f2675
m12083,f6549
m9256,f7206
m11509,f10343
m18434,f3285
m14227,f5320
m10340,f10981
m10730,f48
m18429,f11600
m11907,f4902
m18153,f18286
m10667,f11737
m13194,f3590
m7579,f9918
m13511,f14964
m17251,f1590
m1956,f4815
m12791,f1660
m14121,f7453
m2126,f8130
m4595,f14740
m5270,f14228
m7291,f16210
m168,f7631
m14425,f8476
m10444,f15054
m8751,f15455
m2112,f6509
m12951,f14714
m11451,f3922
m4484,f6726
m13356,f2505
m4871,f5305
m1124,f1338
m7039,f16418
m7226,f656
m6907,f5737
m8738,f11298
m7999,f484
m14541,f10312
m14731,f9135
m16821,f14410
m15715,f13286
m16023,f15432
m6721,f8096
m14570,f3327
m14392,f14693
m7356,f5350
m11295,f3672
m8261,f1914
m1407,f18316
m11299,f15679
m13001,f11606
m15141,f3907
m17791,f6982
m14918,f8337
m15143,f5013
m15680,f14273
m4887,f13098
m11242,f5020
m14521,f9458
m9768,f1562
m8621,f17237
m9012,f18453
m6488,f5193
m15033,f17712
m9414,f2766
m4207,f8341
m10199,f4739
m300,f10978
m13123,f5878
m6375,f9942
m16053,f7344
m2880,f7604
m15667,f16408
m5103,f3301
m8630,f5023
m937,f13809
m10727,f11431
m7098,f16978
m18212,f2365
m7884,f15112
m17716,f14840
m3691,f8823
m3146,f11210
m13958,f14358
m13221,f13703
m18244,f8491
m14884,f3694
m13399,f1981
m5226,f5001
m10263,f17747
m4433,f8990
m15840,f1067
m15929,f6345
m12090,f3012
m8223,f6507
m13302,f15480
m7413,f6128
m13110,f8480
m16594,f6713
m17942,f9934
m15571,f17161
m15082,f8338
m16148,f12955
m15551,f12418
m15995,f5136
m15952,f11066
m6639,f3370
m11359,f6665
m6532,f3612
m6640,f1270
m8401,f5789
m8338,f2859
m8337,f15554
m15957,f3760
m15716,f16609
m16664,f8099
m9512,f3240
m5328,f5784
m15726,f18173
